index	prediction
0	entailment
1	entailment
2	neutral
3	neutral
4	neutral
5	neutral
6	neutral
7	neutral
8	contradiction
9	neutral
10	neutral
11	entailment
12	entailment
13	entailment
14	contradiction
15	contradiction
16	neutral
17	entailment
18	entailment
19	entailment
20	contradiction
21	contradiction
22	contradiction
23	contradiction
24	contradiction
25	contradiction
26	entailment
27	entailment
28	neutral
29	neutral
30	entailment
31	entailment
32	neutral
33	entailment
34	entailment
35	entailment
36	contradiction
37	contradiction
38	neutral
39	neutral
40	entailment
41	neutral
42	neutral
43	entailment
44	neutral
45	entailment
46	entailment
47	entailment
48	neutral
49	neutral
50	entailment
51	entailment
52	entailment
53	neutral
54	entailment
55	entailment
56	neutral
57	entailment
58	neutral
59	entailment
60	neutral
61	entailment
62	neutral
63	entailment
64	neutral
65	neutral
66	entailment
67	entailment
68	contradiction
69	neutral
70	neutral
71	neutral
72	entailment
73	entailment
74	entailment
75	entailment
76	entailment
77	entailment
78	neutral
79	neutral
80	neutral
81	neutral
82	entailment
83	entailment
84	entailment
85	entailment
86	entailment
87	neutral
88	entailment
89	neutral
90	neutral
91	entailment
92	entailment
93	entailment
94	entailment
95	entailment
96	entailment
97	entailment
98	entailment
99	entailment
100	entailment
101	entailment
102	entailment
103	entailment
104	entailment
105	entailment
106	neutral
107	entailment
108	entailment
109	entailment
110	entailment
111	entailment
112	entailment
113	entailment
114	entailment
115	entailment
116	entailment
117	entailment
118	contradiction
119	contradiction
120	entailment
121	entailment
122	entailment
123	entailment
124	neutral
125	contradiction
126	entailment
127	neutral
128	entailment
129	contradiction
130	entailment
131	neutral
132	entailment
133	contradiction
134	entailment
135	entailment
136	entailment
137	entailment
138	entailment
139	entailment
140	entailment
141	entailment
142	entailment
143	entailment
144	entailment
145	neutral
146	entailment
147	neutral
148	entailment
149	neutral
150	entailment
151	neutral
152	entailment
153	entailment
154	entailment
155	contradiction
156	neutral
157	entailment
158	entailment
159	neutral
160	entailment
161	entailment
162	entailment
163	entailment
164	entailment
165	neutral
166	entailment
167	entailment
168	neutral
169	entailment
170	neutral
171	contradiction
172	neutral
173	contradiction
174	neutral
175	contradiction
176	neutral
177	contradiction
178	entailment
179	entailment
180	entailment
181	entailment
182	entailment
183	neutral
184	entailment
185	entailment
186	contradiction
187	contradiction
188	neutral
189	neutral
190	entailment
191	entailment
192	entailment
193	entailment
194	entailment
195	entailment
196	entailment
197	entailment
198	entailment
199	neutral
200	entailment
201	neutral
202	entailment
203	neutral
204	neutral
205	neutral
206	entailment
207	contradiction
208	entailment
209	entailment
210	entailment
211	entailment
212	entailment
213	neutral
214	contradiction
215	neutral
216	entailment
217	neutral
218	entailment
219	entailment
220	entailment
221	entailment
222	neutral
223	neutral
224	entailment
225	entailment
226	entailment
227	entailment
228	entailment
229	entailment
230	entailment
231	entailment
232	entailment
233	neutral
234	entailment
235	neutral
236	entailment
237	entailment
238	entailment
239	entailment
240	entailment
241	entailment
242	entailment
243	entailment
244	entailment
245	entailment
246	entailment
247	entailment
248	entailment
249	neutral
250	entailment
251	neutral
252	contradiction
253	neutral
254	entailment
255	neutral
256	contradiction
257	neutral
258	entailment
259	neutral
260	entailment
261	entailment
262	entailment
263	entailment
264	entailment
265	entailment
266	entailment
267	entailment
268	contradiction
269	contradiction
270	entailment
271	entailment
272	entailment
273	neutral
274	entailment
275	neutral
276	entailment
277	neutral
278	contradiction
279	neutral
280	entailment
281	neutral
282	entailment
283	neutral
284	neutral
285	entailment
286	neutral
287	entailment
288	contradiction
289	entailment
290	entailment
291	neutral
292	neutral
293	entailment
294	entailment
295	entailment
296	contradiction
297	neutral
298	entailment
299	entailment
300	neutral
301	entailment
302	entailment
303	entailment
304	entailment
305	entailment
306	entailment
307	neutral
308	neutral
309	neutral
310	entailment
311	entailment
312	entailment
313	entailment
314	entailment
315	entailment
316	entailment
317	entailment
318	neutral
319	entailment
320	entailment
321	entailment
322	contradiction
323	neutral
324	entailment
325	neutral
326	entailment
327	neutral
328	entailment
329	neutral
330	contradiction
331	entailment
332	neutral
333	entailment
334	entailment
335	neutral
336	entailment
337	entailment
338	contradiction
339	contradiction
340	entailment
341	entailment
342	contradiction
343	contradiction
344	contradiction
345	neutral
346	entailment
347	entailment
348	entailment
349	neutral
350	neutral
351	entailment
352	entailment
353	entailment
354	neutral
355	neutral
356	contradiction
357	contradiction
358	entailment
359	entailment
360	contradiction
361	contradiction
362	entailment
363	neutral
364	contradiction
365	contradiction
366	entailment
367	neutral
368	contradiction
369	neutral
370	entailment
371	entailment
372	entailment
373	entailment
374	entailment
375	contradiction
376	contradiction
377	contradiction
378	contradiction
379	contradiction
380	entailment
381	entailment
382	entailment
383	entailment
384	entailment
385	entailment
386	neutral
387	contradiction
388	neutral
389	contradiction
390	entailment
391	neutral
392	entailment
393	neutral
394	entailment
395	neutral
396	contradiction
397	neutral
398	contradiction
399	neutral
400	neutral
401	contradiction
402	entailment
403	neutral
404	contradiction
405	contradiction
406	entailment
407	entailment
408	contradiction
409	contradiction
410	entailment
411	neutral
412	contradiction
413	contradiction
414	contradiction
415	contradiction
416	entailment
417	neutral
418	entailment
419	entailment
420	entailment
421	entailment
422	entailment
423	entailment
424	entailment
425	entailment
426	contradiction
427	neutral
428	contradiction
429	contradiction
430	entailment
431	entailment
432	neutral
433	entailment
434	neutral
435	neutral
436	entailment
437	entailment
438	entailment
439	entailment
440	entailment
441	entailment
442	entailment
443	entailment
444	entailment
445	entailment
446	entailment
447	neutral
448	entailment
449	entailment
450	entailment
451	entailment
452	entailment
453	entailment
454	entailment
455	neutral
456	entailment
457	neutral
458	entailment
459	neutral
460	neutral
461	neutral
462	entailment
463	entailment
464	entailment
465	entailment
466	neutral
467	entailment
468	neutral
469	neutral
470	neutral
471	neutral
472	neutral
473	neutral
474	neutral
475	neutral
476	neutral
477	neutral
478	entailment
479	neutral
480	neutral
481	entailment
482	entailment
483	entailment
484	entailment
485	entailment
486	entailment
487	entailment
488	entailment
489	entailment
490	entailment
491	entailment
492	entailment
493	entailment
494	neutral
495	neutral
496	neutral
497	neutral
498	neutral
499	neutral
500	neutral
501	neutral
502	neutral
503	neutral
504	entailment
505	neutral
506	entailment
507	entailment
508	neutral
509	entailment
510	neutral
511	entailment
512	entailment
513	entailment
514	entailment
515	entailment
516	entailment
517	entailment
518	entailment
519	contradiction
520	neutral
521	neutral
522	neutral
523	neutral
524	neutral
525	entailment
526	entailment
527	neutral
528	entailment
529	neutral
530	entailment
531	neutral
532	neutral
533	contradiction
534	entailment
535	entailment
536	entailment
537	entailment
538	entailment
539	entailment
540	entailment
541	entailment
542	neutral
543	contradiction
544	entailment
545	entailment
546	neutral
547	entailment
548	entailment
549	neutral
550	entailment
551	entailment
552	entailment
553	neutral
554	entailment
555	neutral
556	neutral
557	contradiction
558	neutral
559	neutral
560	entailment
561	entailment
562	entailment
563	entailment
564	entailment
565	entailment
566	entailment
567	contradiction
568	neutral
569	neutral
570	neutral
571	neutral
572	neutral
573	neutral
574	neutral
575	neutral
576	entailment
577	entailment
578	neutral
579	entailment
580	neutral
581	neutral
582	entailment
583	neutral
584	neutral
585	neutral
586	neutral
587	entailment
588	neutral
589	neutral
590	entailment
591	neutral
592	entailment
593	entailment
594	neutral
595	neutral
596	neutral
597	neutral
598	entailment
599	entailment
600	contradiction
601	contradiction
602	entailment
603	entailment
604	neutral
605	neutral
606	entailment
607	entailment
608	entailment
609	neutral
610	entailment
611	neutral
612	entailment
613	neutral
614	entailment
615	neutral
616	entailment
617	neutral
618	entailment
619	neutral
620	contradiction
621	entailment
622	contradiction
623	entailment
624	entailment
625	neutral
626	neutral
627	entailment
628	contradiction
629	contradiction
630	entailment
631	entailment
632	entailment
633	entailment
634	entailment
635	entailment
636	neutral
637	entailment
638	entailment
639	neutral
640	neutral
641	neutral
642	neutral
643	entailment
644	entailment
645	neutral
646	entailment
647	neutral
648	entailment
649	entailment
650	contradiction
651	contradiction
652	entailment
653	entailment
654	contradiction
655	contradiction
656	entailment
657	entailment
658	entailment
659	entailment
660	neutral
661	entailment
662	neutral
663	entailment
664	neutral
665	neutral
666	entailment
667	contradiction
668	neutral
669	entailment
670	entailment
671	entailment
672	entailment
673	neutral
674	neutral
675	contradiction
676	entailment
677	neutral
678	contradiction
679	contradiction
680	neutral
681	contradiction
682	entailment
683	neutral
684	entailment
685	neutral
686	entailment
687	neutral
688	neutral
689	neutral
690	entailment
691	neutral
692	entailment
693	neutral
694	entailment
695	neutral
696	neutral
697	entailment
698	neutral
699	entailment
700	neutral
701	entailment
702	contradiction
703	neutral
704	contradiction
705	neutral
706	entailment
707	entailment
708	entailment
709	neutral
710	entailment
711	neutral
712	contradiction
713	neutral
714	entailment
715	entailment
716	entailment
717	entailment
718	entailment
719	entailment
720	entailment
721	entailment
722	contradiction
723	neutral
724	neutral
725	neutral
726	neutral
727	entailment
728	entailment
729	entailment
730	entailment
731	contradiction
732	entailment
733	entailment
734	entailment
735	entailment
736	entailment
737	entailment
738	entailment
739	entailment
740	entailment
741	entailment
742	entailment
743	entailment
744	entailment
745	neutral
746	entailment
747	neutral
748	entailment
749	entailment
750	entailment
751	entailment
752	neutral
753	entailment
754	neutral
755	neutral
756	neutral
757	entailment
758	entailment
759	entailment
760	entailment
761	entailment
762	entailment
763	neutral
764	entailment
765	neutral
766	entailment
767	entailment
768	entailment
769	entailment
770	entailment
771	neutral
772	entailment
773	entailment
774	entailment
775	entailment
776	entailment
777	entailment
778	entailment
779	entailment
780	entailment
781	entailment
782	entailment
783	entailment
784	neutral
785	neutral
786	entailment
787	entailment
788	contradiction
789	neutral
790	neutral
791	entailment
792	entailment
793	neutral
794	neutral
795	contradiction
796	entailment
797	entailment
798	entailment
799	entailment
800	entailment
801	entailment
802	entailment
803	entailment
804	entailment
805	entailment
806	neutral
807	entailment
808	entailment
809	entailment
810	entailment
811	entailment
812	entailment
813	neutral
814	entailment
815	neutral
816	entailment
817	entailment
818	entailment
819	entailment
820	entailment
821	entailment
822	entailment
823	neutral
824	entailment
825	entailment
826	contradiction
827	contradiction
828	contradiction
829	entailment
830	neutral
831	entailment
832	entailment
833	entailment
834	entailment
835	entailment
836	neutral
837	entailment
838	neutral
839	neutral
840	neutral
841	neutral
842	entailment
843	entailment
844	entailment
845	entailment
846	entailment
847	neutral
848	entailment
849	entailment
850	neutral
851	entailment
852	entailment
853	neutral
854	entailment
855	entailment
856	contradiction
857	contradiction
858	entailment
859	entailment
860	entailment
861	entailment
862	entailment
863	entailment
864	neutral
865	neutral
866	neutral
867	neutral
868	entailment
869	entailment
870	entailment
871	entailment
872	entailment
873	entailment
874	entailment
875	entailment
876	contradiction
877	entailment
878	entailment
879	entailment
880	entailment
881	entailment
882	entailment
883	entailment
884	entailment
885	entailment
886	entailment
887	entailment
888	entailment
889	entailment
890	entailment
891	neutral
892	entailment
893	neutral
894	entailment
895	entailment
896	entailment
897	entailment
898	neutral
899	entailment
900	entailment
901	entailment
902	entailment
903	entailment
904	entailment
905	entailment
906	entailment
907	entailment
908	entailment
909	entailment
910	entailment
911	contradiction
912	entailment
913	entailment
914	entailment
915	entailment
916	entailment
917	entailment
918	entailment
919	entailment
920	entailment
921	entailment
922	entailment
923	entailment
924	entailment
925	neutral
926	entailment
927	neutral
928	neutral
929	neutral
930	neutral
931	neutral
932	entailment
933	neutral
934	entailment
935	entailment
936	contradiction
937	neutral
938	entailment
939	neutral
940	entailment
941	entailment
942	neutral
943	contradiction
944	entailment
945	entailment
946	neutral
947	entailment
948	entailment
949	entailment
950	entailment
951	neutral
952	neutral
953	contradiction
954	contradiction
955	contradiction
956	entailment
957	entailment
958	entailment
959	entailment
960	contradiction
961	entailment
962	entailment
963	entailment
964	contradiction
965	entailment
966	entailment
967	entailment
968	contradiction
969	neutral
970	entailment
971	neutral
972	contradiction
973	neutral
974	entailment
975	neutral
976	contradiction
977	neutral
978	contradiction
979	neutral
980	contradiction
981	neutral
982	contradiction
983	neutral
984	neutral
985	entailment
986	neutral
987	neutral
988	neutral
989	neutral
990	neutral
991	neutral
992	contradiction
993	contradiction
994	entailment
995	entailment
996	entailment
997	entailment
998	neutral
999	contradiction
1000	entailment
1001	entailment
1002	entailment
1003	entailment
1004	entailment
1005	entailment
1006	neutral
1007	neutral
1008	entailment
1009	entailment
1010	contradiction
1011	contradiction
1012	entailment
1013	entailment
1014	entailment
1015	entailment
1016	contradiction
1017	entailment
1018	neutral
1019	neutral
1020	neutral
1021	neutral
1022	entailment
1023	neutral
1024	entailment
1025	neutral
1026	entailment
1027	neutral
1028	neutral
1029	entailment
1030	neutral
1031	entailment
1032	entailment
1033	contradiction
1034	entailment
1035	neutral
1036	contradiction
1037	contradiction
1038	contradiction
1039	neutral
1040	contradiction
1041	contradiction
1042	entailment
1043	contradiction
1044	entailment
1045	entailment
1046	entailment
1047	entailment
1048	entailment
1049	entailment
1050	entailment
1051	entailment
1052	entailment
1053	entailment
1054	neutral
1055	neutral
1056	entailment
1057	entailment
1058	entailment
1059	neutral
1060	neutral
1061	entailment
1062	entailment
1063	neutral
1064	contradiction
1065	contradiction
1066	contradiction
1067	contradiction
1068	entailment
1069	entailment
1070	entailment
1071	entailment
1072	entailment
1073	entailment
1074	neutral
1075	neutral
1076	neutral
1077	neutral
1078	neutral
1079	neutral
1080	entailment
1081	entailment
1082	entailment
1083	entailment
1084	entailment
1085	entailment
1086	entailment
1087	neutral
1088	entailment
1089	neutral
1090	contradiction
1091	neutral
1092	contradiction
1093	neutral
1094	entailment
1095	neutral
1096	contradiction
1097	neutral
1098	entailment
1099	neutral
1100	neutral
1101	contradiction
1102	entailment
1103	entailment
