index	prediction
0	neutral
1	neutral
2	entailment
3	entailment
4	neutral
5	neutral
6	neutral
7	neutral
8	entailment
9	entailment
10	neutral
11	neutral
12	neutral
13	neutral
14	contradiction
15	contradiction
16	neutral
17	neutral
18	neutral
19	neutral
20	contradiction
21	contradiction
22	contradiction
23	contradiction
24	neutral
25	neutral
26	contradiction
27	contradiction
28	contradiction
29	contradiction
30	entailment
31	entailment
32	entailment
33	entailment
34	entailment
35	entailment
36	neutral
37	neutral
38	contradiction
39	contradiction
40	neutral
41	neutral
42	entailment
43	entailment
44	entailment
45	entailment
46	entailment
47	entailment
48	entailment
49	entailment
50	contradiction
51	contradiction
52	entailment
53	neutral
54	entailment
55	entailment
56	contradiction
57	contradiction
58	contradiction
59	contradiction
60	contradiction
61	contradiction
62	contradiction
63	contradiction
64	contradiction
65	contradiction
66	contradiction
67	contradiction
68	contradiction
69	neutral
70	contradiction
71	neutral
72	entailment
73	entailment
74	entailment
75	entailment
76	entailment
77	entailment
78	neutral
79	neutral
80	entailment
81	entailment
82	contradiction
83	contradiction
84	neutral
85	neutral
86	contradiction
87	contradiction
88	contradiction
89	contradiction
90	contradiction
91	contradiction
92	contradiction
93	contradiction
94	contradiction
95	contradiction
96	contradiction
97	contradiction
98	neutral
99	neutral
100	neutral
101	neutral
102	entailment
103	entailment
104	entailment
105	entailment
106	entailment
107	entailment
108	neutral
109	contradiction
110	neutral
111	contradiction
112	entailment
113	entailment
114	entailment
115	entailment
116	entailment
117	entailment
118	entailment
119	entailment
120	contradiction
121	contradiction
122	contradiction
123	contradiction
124	neutral
125	entailment
126	entailment
127	entailment
128	entailment
129	entailment
130	contradiction
131	entailment
132	contradiction
133	entailment
134	entailment
135	entailment
136	entailment
137	entailment
138	entailment
139	entailment
140	entailment
141	entailment
142	entailment
143	entailment
144	neutral
145	neutral
146	neutral
147	neutral
148	neutral
149	neutral
150	neutral
151	neutral
152	neutral
153	neutral
154	neutral
155	neutral
156	neutral
157	neutral
158	contradiction
159	contradiction
160	contradiction
161	contradiction
162	contradiction
163	contradiction
164	entailment
165	neutral
166	entailment
167	entailment
168	entailment
169	entailment
170	entailment
171	entailment
172	entailment
173	entailment
174	entailment
175	entailment
176	entailment
177	entailment
178	entailment
179	entailment
180	entailment
181	entailment
182	neutral
183	neutral
184	neutral
185	contradiction
186	neutral
187	contradiction
188	entailment
189	contradiction
190	neutral
191	contradiction
192	neutral
193	neutral
194	neutral
195	contradiction
196	entailment
197	neutral
198	contradiction
199	entailment
200	entailment
201	entailment
202	entailment
203	entailment
204	entailment
205	entailment
206	entailment
207	entailment
208	neutral
209	neutral
210	contradiction
211	contradiction
212	neutral
213	neutral
214	contradiction
215	contradiction
216	entailment
217	entailment
218	entailment
219	entailment
220	entailment
221	contradiction
222	neutral
223	entailment
224	entailment
225	contradiction
226	entailment
227	neutral
228	contradiction
229	entailment
230	contradiction
231	entailment
232	contradiction
233	contradiction
234	contradiction
235	contradiction
236	contradiction
237	contradiction
238	contradiction
239	contradiction
240	contradiction
241	contradiction
242	contradiction
243	contradiction
244	contradiction
245	contradiction
246	contradiction
247	contradiction
248	neutral
249	neutral
250	neutral
251	neutral
252	neutral
253	neutral
254	neutral
255	neutral
256	entailment
257	entailment
258	entailment
259	entailment
260	entailment
261	entailment
262	entailment
263	entailment
264	contradiction
265	contradiction
266	contradiction
267	contradiction
268	contradiction
269	contradiction
270	contradiction
271	contradiction
272	contradiction
273	contradiction
274	entailment
275	contradiction
276	entailment
277	neutral
278	neutral
279	neutral
280	neutral
281	neutral
282	neutral
283	neutral
284	entailment
285	neutral
286	neutral
287	neutral
288	contradiction
289	contradiction
290	entailment
291	contradiction
292	neutral
293	neutral
294	neutral
295	neutral
296	neutral
297	neutral
298	contradiction
299	contradiction
300	contradiction
301	contradiction
302	entailment
303	entailment
304	entailment
305	entailment
306	neutral
307	neutral
308	neutral
309	neutral
310	contradiction
311	contradiction
312	entailment
313	contradiction
314	contradiction
315	contradiction
316	contradiction
317	contradiction
318	neutral
319	contradiction
320	neutral
321	contradiction
322	neutral
323	entailment
324	neutral
325	entailment
326	entailment
327	entailment
328	neutral
329	entailment
330	contradiction
331	entailment
332	entailment
333	neutral
334	neutral
335	neutral
336	neutral
337	neutral
338	neutral
339	neutral
340	neutral
341	neutral
342	contradiction
343	neutral
344	neutral
345	neutral
346	contradiction
347	contradiction
348	contradiction
349	contradiction
350	contradiction
351	contradiction
352	contradiction
353	contradiction
354	neutral
355	contradiction
356	neutral
357	contradiction
358	neutral
359	contradiction
360	neutral
361	contradiction
362	neutral
363	contradiction
364	neutral
365	contradiction
366	contradiction
367	entailment
368	contradiction
369	entailment
370	contradiction
371	entailment
372	contradiction
373	entailment
374	entailment
375	contradiction
376	contradiction
377	neutral
378	contradiction
379	contradiction
380	entailment
381	contradiction
382	contradiction
383	contradiction
384	contradiction
385	contradiction
386	entailment
387	entailment
388	neutral
389	entailment
390	contradiction
391	contradiction
392	contradiction
393	contradiction
394	contradiction
395	contradiction
396	contradiction
397	contradiction
398	contradiction
399	contradiction
400	contradiction
401	contradiction
402	contradiction
403	neutral
404	contradiction
405	neutral
406	contradiction
407	contradiction
408	contradiction
409	contradiction
410	contradiction
411	contradiction
412	contradiction
413	contradiction
414	contradiction
415	contradiction
416	contradiction
417	contradiction
418	contradiction
419	contradiction
420	contradiction
421	contradiction
422	contradiction
423	contradiction
424	contradiction
425	contradiction
426	entailment
427	entailment
428	entailment
429	entailment
430	contradiction
431	contradiction
432	neutral
433	neutral
434	neutral
435	neutral
436	neutral
437	neutral
438	neutral
439	neutral
440	contradiction
441	contradiction
442	contradiction
443	contradiction
444	contradiction
445	contradiction
446	neutral
447	neutral
448	contradiction
449	contradiction
450	neutral
451	neutral
452	neutral
453	neutral
454	contradiction
455	contradiction
456	contradiction
457	contradiction
458	contradiction
459	contradiction
460	neutral
461	neutral
462	neutral
463	neutral
464	entailment
465	entailment
466	entailment
467	entailment
468	neutral
469	neutral
470	neutral
471	neutral
472	contradiction
473	contradiction
474	contradiction
475	contradiction
476	neutral
477	neutral
478	contradiction
479	contradiction
480	neutral
481	contradiction
482	contradiction
483	contradiction
484	contradiction
485	contradiction
486	contradiction
487	contradiction
488	contradiction
489	contradiction
490	neutral
491	neutral
492	neutral
493	neutral
494	contradiction
495	contradiction
496	neutral
497	neutral
498	neutral
499	neutral
500	neutral
501	neutral
502	neutral
503	neutral
504	entailment
505	contradiction
506	entailment
507	entailment
508	contradiction
509	contradiction
510	contradiction
511	contradiction
512	contradiction
513	contradiction
514	entailment
515	contradiction
516	entailment
517	entailment
518	entailment
519	contradiction
520	entailment
521	entailment
522	entailment
523	entailment
524	entailment
525	entailment
526	neutral
527	neutral
528	contradiction
529	contradiction
530	contradiction
531	neutral
532	neutral
533	neutral
534	contradiction
535	contradiction
536	contradiction
537	contradiction
538	contradiction
539	contradiction
540	contradiction
541	contradiction
542	neutral
543	neutral
544	neutral
545	neutral
546	entailment
547	entailment
548	entailment
549	entailment
550	neutral
551	neutral
552	entailment
553	neutral
554	entailment
555	neutral
556	neutral
557	neutral
558	contradiction
559	contradiction
560	neutral
561	contradiction
562	neutral
563	neutral
564	contradiction
565	neutral
566	contradiction
567	neutral
568	entailment
569	entailment
570	entailment
571	entailment
572	entailment
573	entailment
574	entailment
575	entailment
576	contradiction
577	contradiction
578	contradiction
579	contradiction
580	contradiction
581	contradiction
582	contradiction
583	contradiction
584	contradiction
585	contradiction
586	contradiction
587	contradiction
588	contradiction
589	contradiction
590	contradiction
591	contradiction
592	entailment
593	entailment
594	neutral
595	neutral
596	neutral
597	neutral
598	entailment
599	entailment
600	entailment
601	entailment
602	entailment
603	entailment
604	contradiction
605	contradiction
606	contradiction
607	contradiction
608	neutral
609	neutral
610	neutral
611	neutral
612	neutral
613	contradiction
614	entailment
615	contradiction
616	contradiction
617	contradiction
618	contradiction
619	contradiction
620	contradiction
621	contradiction
622	contradiction
623	contradiction
624	entailment
625	entailment
626	entailment
627	entailment
628	contradiction
629	contradiction
630	contradiction
631	contradiction
632	contradiction
633	contradiction
634	contradiction
635	contradiction
636	contradiction
637	contradiction
638	neutral
639	neutral
640	neutral
641	neutral
642	neutral
643	neutral
644	neutral
645	neutral
646	neutral
647	neutral
648	entailment
649	entailment
650	neutral
651	neutral
652	contradiction
653	contradiction
654	contradiction
655	contradiction
656	contradiction
657	contradiction
658	entailment
659	entailment
660	entailment
661	entailment
662	entailment
663	entailment
664	neutral
665	neutral
666	neutral
667	neutral
668	entailment
669	entailment
670	contradiction
671	contradiction
672	contradiction
673	entailment
674	neutral
675	neutral
676	contradiction
677	entailment
678	contradiction
679	entailment
680	entailment
681	entailment
682	neutral
683	entailment
684	neutral
685	entailment
686	contradiction
687	contradiction
688	contradiction
689	contradiction
690	neutral
691	contradiction
692	neutral
693	contradiction
694	contradiction
695	contradiction
696	contradiction
697	neutral
698	contradiction
699	neutral
700	neutral
701	neutral
702	contradiction
703	contradiction
704	contradiction
705	contradiction
706	entailment
707	entailment
708	entailment
709	entailment
710	contradiction
711	neutral
712	contradiction
713	neutral
714	entailment
715	entailment
716	entailment
717	entailment
718	entailment
719	neutral
720	neutral
721	neutral
722	contradiction
723	contradiction
724	contradiction
725	neutral
726	contradiction
727	neutral
728	neutral
729	neutral
730	neutral
731	neutral
732	neutral
733	neutral
734	entailment
735	entailment
736	entailment
737	entailment
738	entailment
739	entailment
740	entailment
741	entailment
742	entailment
743	entailment
744	neutral
745	neutral
746	neutral
747	neutral
748	contradiction
749	contradiction
750	contradiction
751	contradiction
752	contradiction
753	contradiction
754	contradiction
755	contradiction
756	contradiction
757	contradiction
758	contradiction
759	contradiction
760	contradiction
761	contradiction
762	contradiction
763	contradiction
764	entailment
765	contradiction
766	entailment
767	contradiction
768	entailment
769	entailment
770	entailment
771	entailment
772	entailment
773	entailment
774	contradiction
775	contradiction
776	contradiction
777	contradiction
778	contradiction
779	contradiction
780	neutral
781	neutral
782	entailment
783	entailment
784	entailment
785	entailment
786	contradiction
787	contradiction
788	contradiction
789	contradiction
790	contradiction
791	contradiction
792	contradiction
793	contradiction
794	contradiction
795	contradiction
796	neutral
797	entailment
798	entailment
799	entailment
800	entailment
801	entailment
802	contradiction
803	contradiction
804	neutral
805	neutral
806	neutral
807	neutral
808	contradiction
809	contradiction
810	contradiction
811	contradiction
812	neutral
813	contradiction
814	neutral
815	neutral
816	neutral
817	neutral
818	neutral
819	neutral
820	neutral
821	neutral
822	neutral
823	neutral
824	contradiction
825	contradiction
826	contradiction
827	contradiction
828	neutral
829	neutral
830	neutral
831	neutral
832	entailment
833	entailment
834	entailment
835	entailment
836	entailment
837	entailment
838	neutral
839	neutral
840	neutral
841	neutral
842	neutral
843	neutral
844	entailment
845	entailment
846	neutral
847	contradiction
848	neutral
849	contradiction
850	neutral
851	neutral
852	neutral
853	neutral
854	contradiction
855	contradiction
856	contradiction
857	contradiction
858	neutral
859	neutral
860	neutral
861	neutral
862	neutral
863	neutral
864	neutral
865	neutral
866	neutral
867	neutral
868	entailment
869	entailment
870	entailment
871	entailment
872	entailment
873	entailment
874	neutral
875	contradiction
876	entailment
877	entailment
878	contradiction
879	contradiction
880	neutral
881	neutral
882	entailment
883	entailment
884	contradiction
885	contradiction
886	contradiction
887	contradiction
888	contradiction
889	contradiction
890	entailment
891	entailment
892	entailment
893	entailment
894	entailment
895	entailment
896	entailment
897	entailment
898	entailment
899	entailment
900	neutral
901	neutral
902	contradiction
903	entailment
904	entailment
905	entailment
906	entailment
907	entailment
908	entailment
909	entailment
910	neutral
911	neutral
912	neutral
913	neutral
914	entailment
915	entailment
916	entailment
917	entailment
918	contradiction
919	contradiction
920	contradiction
921	contradiction
922	entailment
923	entailment
924	contradiction
925	contradiction
926	contradiction
927	contradiction
928	contradiction
929	contradiction
930	contradiction
931	contradiction
932	contradiction
933	contradiction
934	contradiction
935	contradiction
936	contradiction
937	contradiction
938	entailment
939	entailment
940	contradiction
941	contradiction
942	contradiction
943	contradiction
944	neutral
945	neutral
946	neutral
947	neutral
948	neutral
949	neutral
950	entailment
951	entailment
952	entailment
953	entailment
954	entailment
955	entailment
956	entailment
957	entailment
958	entailment
959	entailment
960	neutral
961	neutral
962	neutral
963	neutral
964	neutral
965	neutral
966	neutral
967	neutral
968	contradiction
969	contradiction
970	contradiction
971	contradiction
972	contradiction
973	contradiction
974	contradiction
975	contradiction
976	contradiction
977	contradiction
978	neutral
979	contradiction
980	contradiction
981	contradiction
982	contradiction
983	contradiction
984	neutral
985	neutral
986	neutral
987	neutral
988	neutral
989	neutral
990	entailment
991	neutral
992	contradiction
993	contradiction
994	contradiction
995	contradiction
996	contradiction
997	contradiction
998	neutral
999	contradiction
1000	contradiction
1001	contradiction
1002	contradiction
1003	contradiction
1004	contradiction
1005	contradiction
1006	contradiction
1007	contradiction
1008	contradiction
1009	contradiction
1010	contradiction
1011	contradiction
1012	contradiction
1013	contradiction
1014	entailment
1015	contradiction
1016	entailment
1017	contradiction
1018	neutral
1019	neutral
1020	neutral
1021	neutral
1022	contradiction
1023	contradiction
1024	contradiction
1025	contradiction
1026	contradiction
1027	contradiction
1028	neutral
1029	contradiction
1030	neutral
1031	contradiction
1032	contradiction
1033	contradiction
1034	contradiction
1035	contradiction
1036	contradiction
1037	contradiction
1038	contradiction
1039	contradiction
1040	contradiction
1041	contradiction
1042	contradiction
1043	contradiction
1044	neutral
1045	neutral
1046	neutral
1047	neutral
1048	neutral
1049	neutral
1050	neutral
1051	neutral
1052	contradiction
1053	contradiction
1054	neutral
1055	neutral
1056	neutral
1057	neutral
1058	neutral
1059	neutral
1060	entailment
1061	entailment
1062	contradiction
1063	contradiction
1064	contradiction
1065	contradiction
1066	contradiction
1067	contradiction
1068	contradiction
1069	contradiction
1070	contradiction
1071	contradiction
1072	contradiction
1073	contradiction
1074	entailment
1075	entailment
1076	entailment
1077	entailment
1078	entailment
1079	entailment
1080	entailment
1081	entailment
1082	entailment
1083	entailment
1084	entailment
1085	entailment
1086	neutral
1087	neutral
1088	neutral
1089	neutral
1090	contradiction
1091	contradiction
1092	contradiction
1093	contradiction
1094	contradiction
1095	contradiction
1096	contradiction
1097	contradiction
1098	contradiction
1099	neutral
1100	neutral
1101	entailment
1102	neutral
1103	entailment
