index	prediction
0	entailment
1	entailment
2	neutral
3	neutral
4	neutral
5	neutral
6	entailment
7	neutral
8	neutral
9	neutral
10	neutral
11	contradiction
12	entailment
13	entailment
14	contradiction
15	contradiction
16	neutral
17	entailment
18	entailment
19	entailment
20	contradiction
21	contradiction
22	contradiction
23	contradiction
24	contradiction
25	contradiction
26	entailment
27	entailment
28	neutral
29	contradiction
30	entailment
31	entailment
32	entailment
33	neutral
34	entailment
35	entailment
36	contradiction
37	contradiction
38	neutral
39	neutral
40	entailment
41	neutral
42	neutral
43	entailment
44	neutral
45	entailment
46	neutral
47	entailment
48	neutral
49	neutral
50	entailment
51	entailment
52	neutral
53	neutral
54	entailment
55	entailment
56	entailment
57	entailment
58	neutral
59	entailment
60	neutral
61	entailment
62	neutral
63	neutral
64	entailment
65	entailment
66	entailment
67	entailment
68	contradiction
69	contradiction
70	contradiction
71	neutral
72	entailment
73	entailment
74	entailment
75	entailment
76	contradiction
77	contradiction
78	neutral
79	entailment
80	entailment
81	entailment
82	entailment
83	entailment
84	entailment
85	entailment
86	entailment
87	neutral
88	entailment
89	neutral
90	entailment
91	entailment
92	entailment
93	entailment
94	entailment
95	entailment
96	entailment
97	neutral
98	entailment
99	entailment
100	entailment
101	entailment
102	entailment
103	entailment
104	entailment
105	entailment
106	neutral
107	entailment
108	entailment
109	entailment
110	entailment
111	entailment
112	entailment
113	entailment
114	entailment
115	entailment
116	entailment
117	entailment
118	contradiction
119	contradiction
120	entailment
121	entailment
122	entailment
123	entailment
124	entailment
125	neutral
126	neutral
127	neutral
128	entailment
129	neutral
130	contradiction
131	neutral
132	entailment
133	neutral
134	entailment
135	contradiction
136	entailment
137	contradiction
138	neutral
139	contradiction
140	neutral
141	contradiction
142	entailment
143	contradiction
144	entailment
145	neutral
146	entailment
147	neutral
148	entailment
149	neutral
150	entailment
151	entailment
152	entailment
153	entailment
154	entailment
155	neutral
156	neutral
157	entailment
158	entailment
159	neutral
160	entailment
161	entailment
162	entailment
163	entailment
164	entailment
165	neutral
166	entailment
167	neutral
168	neutral
169	neutral
170	neutral
171	entailment
172	entailment
173	entailment
174	neutral
175	entailment
176	neutral
177	contradiction
178	entailment
179	entailment
180	entailment
181	neutral
182	entailment
183	neutral
184	entailment
185	entailment
186	contradiction
187	contradiction
188	neutral
189	neutral
190	entailment
191	entailment
192	entailment
193	entailment
194	entailment
195	entailment
196	entailment
197	entailment
198	neutral
199	entailment
200	neutral
201	contradiction
202	entailment
203	entailment
204	neutral
205	contradiction
206	entailment
207	entailment
208	entailment
209	entailment
210	entailment
211	entailment
212	entailment
213	neutral
214	entailment
215	neutral
216	neutral
217	neutral
218	entailment
219	neutral
220	entailment
221	entailment
222	neutral
223	entailment
224	entailment
225	neutral
226	entailment
227	entailment
228	entailment
229	entailment
230	entailment
231	entailment
232	entailment
233	neutral
234	entailment
235	neutral
236	entailment
237	entailment
238	entailment
239	entailment
240	entailment
241	entailment
242	entailment
243	entailment
244	entailment
245	entailment
246	entailment
247	entailment
248	entailment
249	entailment
250	entailment
251	neutral
252	neutral
253	neutral
254	entailment
255	neutral
256	contradiction
257	neutral
258	entailment
259	neutral
260	entailment
261	neutral
262	entailment
263	entailment
264	entailment
265	entailment
266	entailment
267	entailment
268	entailment
269	contradiction
270	entailment
271	entailment
272	entailment
273	neutral
274	entailment
275	neutral
276	entailment
277	neutral
278	neutral
279	neutral
280	entailment
281	neutral
282	entailment
283	neutral
284	neutral
285	contradiction
286	neutral
287	contradiction
288	entailment
289	entailment
290	entailment
291	entailment
292	neutral
293	entailment
294	neutral
295	entailment
296	contradiction
297	neutral
298	contradiction
299	contradiction
300	contradiction
301	contradiction
302	entailment
303	entailment
304	entailment
305	entailment
306	entailment
307	neutral
308	neutral
309	neutral
310	entailment
311	entailment
312	entailment
313	entailment
314	entailment
315	entailment
316	entailment
317	entailment
318	neutral
319	entailment
320	entailment
321	entailment
322	contradiction
323	neutral
324	contradiction
325	neutral
326	entailment
327	neutral
328	entailment
329	neutral
330	contradiction
331	entailment
332	neutral
333	entailment
334	entailment
335	neutral
336	entailment
337	entailment
338	contradiction
339	contradiction
340	entailment
341	neutral
342	contradiction
343	contradiction
344	contradiction
345	neutral
346	entailment
347	entailment
348	entailment
349	neutral
350	entailment
351	entailment
352	entailment
353	neutral
354	neutral
355	entailment
356	contradiction
357	contradiction
358	neutral
359	entailment
360	contradiction
361	contradiction
362	entailment
363	entailment
364	contradiction
365	contradiction
366	entailment
367	entailment
368	contradiction
369	contradiction
370	neutral
371	entailment
372	contradiction
373	contradiction
374	entailment
375	contradiction
376	contradiction
377	entailment
378	entailment
379	entailment
380	entailment
381	entailment
382	entailment
383	entailment
384	entailment
385	entailment
386	contradiction
387	contradiction
388	neutral
389	contradiction
390	entailment
391	neutral
392	entailment
393	neutral
394	entailment
395	neutral
396	contradiction
397	neutral
398	entailment
399	neutral
400	contradiction
401	entailment
402	entailment
403	entailment
404	contradiction
405	contradiction
406	entailment
407	entailment
408	contradiction
409	entailment
410	entailment
411	entailment
412	entailment
413	neutral
414	contradiction
415	neutral
416	entailment
417	entailment
418	entailment
419	entailment
420	entailment
421	entailment
422	entailment
423	entailment
424	entailment
425	entailment
426	contradiction
427	entailment
428	contradiction
429	contradiction
430	contradiction
431	contradiction
432	neutral
433	entailment
434	neutral
435	entailment
436	entailment
437	entailment
438	entailment
439	entailment
440	entailment
441	entailment
442	entailment
443	entailment
444	entailment
445	entailment
446	entailment
447	entailment
448	neutral
449	neutral
450	entailment
451	entailment
452	neutral
453	entailment
454	entailment
455	entailment
456	entailment
457	entailment
458	entailment
459	neutral
460	entailment
461	neutral
462	entailment
463	neutral
464	entailment
465	entailment
466	neutral
467	contradiction
468	entailment
469	entailment
470	entailment
471	entailment
472	neutral
473	neutral
474	neutral
475	entailment
476	entailment
477	entailment
478	entailment
479	neutral
480	entailment
481	entailment
482	entailment
483	entailment
484	entailment
485	entailment
486	entailment
487	entailment
488	entailment
489	entailment
490	entailment
491	entailment
492	entailment
493	entailment
494	neutral
495	neutral
496	neutral
497	entailment
498	neutral
499	entailment
500	neutral
501	entailment
502	neutral
503	neutral
504	entailment
505	neutral
506	entailment
507	entailment
508	entailment
509	entailment
510	entailment
511	entailment
512	entailment
513	entailment
514	neutral
515	contradiction
516	entailment
517	entailment
518	contradiction
519	contradiction
520	neutral
521	neutral
522	neutral
523	neutral
524	neutral
525	entailment
526	entailment
527	entailment
528	entailment
529	neutral
530	entailment
531	neutral
532	neutral
533	neutral
534	entailment
535	neutral
536	entailment
537	neutral
538	entailment
539	entailment
540	entailment
541	entailment
542	entailment
543	entailment
544	entailment
545	entailment
546	entailment
547	entailment
548	entailment
549	neutral
550	entailment
551	entailment
552	entailment
553	neutral
554	entailment
555	neutral
556	neutral
557	neutral
558	neutral
559	neutral
560	entailment
561	entailment
562	entailment
563	entailment
564	entailment
565	entailment
566	contradiction
567	contradiction
568	neutral
569	neutral
570	neutral
571	neutral
572	neutral
573	neutral
574	neutral
575	neutral
576	entailment
577	entailment
578	neutral
579	entailment
580	entailment
581	neutral
582	entailment
583	neutral
584	entailment
585	neutral
586	entailment
587	entailment
588	neutral
589	neutral
590	neutral
591	neutral
592	entailment
593	entailment
594	neutral
595	neutral
596	neutral
597	neutral
598	entailment
599	entailment
600	contradiction
601	contradiction
602	entailment
603	entailment
604	neutral
605	neutral
606	neutral
607	neutral
608	entailment
609	neutral
610	entailment
611	neutral
612	entailment
613	neutral
614	entailment
615	neutral
616	entailment
617	neutral
618	entailment
619	neutral
620	entailment
621	neutral
622	entailment
623	entailment
624	neutral
625	neutral
626	neutral
627	entailment
628	contradiction
629	contradiction
630	entailment
631	entailment
632	entailment
633	entailment
634	entailment
635	entailment
636	neutral
637	entailment
638	neutral
639	neutral
640	neutral
641	neutral
642	neutral
643	neutral
644	entailment
645	neutral
646	neutral
647	neutral
648	entailment
649	entailment
650	entailment
651	entailment
652	entailment
653	entailment
654	contradiction
655	contradiction
656	entailment
657	entailment
658	neutral
659	neutral
660	neutral
661	neutral
662	neutral
663	neutral
664	neutral
665	neutral
666	neutral
667	contradiction
668	neutral
669	entailment
670	entailment
671	entailment
672	entailment
673	entailment
674	entailment
675	neutral
676	entailment
677	neutral
678	contradiction
679	contradiction
680	neutral
681	entailment
682	entailment
683	neutral
684	entailment
685	neutral
686	entailment
687	neutral
688	neutral
689	neutral
690	entailment
691	neutral
692	entailment
693	neutral
694	entailment
695	entailment
696	neutral
697	entailment
698	neutral
699	entailment
700	entailment
701	entailment
702	entailment
703	entailment
704	entailment
705	entailment
706	entailment
707	entailment
708	entailment
709	neutral
710	entailment
711	neutral
712	contradiction
713	neutral
714	entailment
715	entailment
716	entailment
717	entailment
718	contradiction
719	neutral
720	entailment
721	neutral
722	contradiction
723	neutral
724	contradiction
725	neutral
726	neutral
727	neutral
728	entailment
729	entailment
730	neutral
731	entailment
732	neutral
733	entailment
734	entailment
735	entailment
736	entailment
737	entailment
738	entailment
739	entailment
740	entailment
741	entailment
742	entailment
743	entailment
744	entailment
745	neutral
746	entailment
747	neutral
748	neutral
749	entailment
750	neutral
751	entailment
752	neutral
753	entailment
754	neutral
755	entailment
756	entailment
757	neutral
758	entailment
759	entailment
760	neutral
761	entailment
762	entailment
763	entailment
764	entailment
765	entailment
766	entailment
767	entailment
768	entailment
769	entailment
770	entailment
771	entailment
772	entailment
773	neutral
774	entailment
775	entailment
776	entailment
777	entailment
778	entailment
779	entailment
780	entailment
781	entailment
782	neutral
783	entailment
784	entailment
785	neutral
786	entailment
787	entailment
788	contradiction
789	neutral
790	neutral
791	entailment
792	entailment
793	neutral
794	entailment
795	entailment
796	entailment
797	entailment
798	entailment
799	entailment
800	entailment
801	entailment
802	entailment
803	entailment
804	entailment
805	entailment
806	neutral
807	entailment
808	entailment
809	entailment
810	entailment
811	neutral
812	entailment
813	contradiction
814	neutral
815	neutral
816	entailment
817	entailment
818	entailment
819	entailment
820	entailment
821	entailment
822	entailment
823	entailment
824	entailment
825	entailment
826	contradiction
827	contradiction
828	contradiction
829	contradiction
830	neutral
831	entailment
832	entailment
833	entailment
834	entailment
835	entailment
836	entailment
837	entailment
838	entailment
839	neutral
840	neutral
841	neutral
842	entailment
843	entailment
844	entailment
845	entailment
846	entailment
847	neutral
848	neutral
849	entailment
850	neutral
851	entailment
852	entailment
853	neutral
854	entailment
855	entailment
856	contradiction
857	contradiction
858	entailment
859	entailment
860	entailment
861	entailment
862	entailment
863	entailment
864	entailment
865	entailment
866	entailment
867	entailment
868	entailment
869	entailment
870	entailment
871	entailment
872	entailment
873	entailment
874	entailment
875	entailment
876	contradiction
877	entailment
878	neutral
879	entailment
880	entailment
881	entailment
882	entailment
883	entailment
884	entailment
885	entailment
886	entailment
887	entailment
888	entailment
889	entailment
890	entailment
891	entailment
892	entailment
893	entailment
894	entailment
895	entailment
896	entailment
897	entailment
898	neutral
899	entailment
900	entailment
901	entailment
902	entailment
903	entailment
904	entailment
905	entailment
906	entailment
907	entailment
908	entailment
909	entailment
910	entailment
911	neutral
912	entailment
913	entailment
914	entailment
915	entailment
916	entailment
917	entailment
918	entailment
919	entailment
920	entailment
921	entailment
922	entailment
923	entailment
924	entailment
925	neutral
926	entailment
927	neutral
928	neutral
929	neutral
930	neutral
931	neutral
932	entailment
933	entailment
934	entailment
935	entailment
936	contradiction
937	contradiction
938	entailment
939	neutral
940	contradiction
941	contradiction
942	contradiction
943	contradiction
944	neutral
945	entailment
946	neutral
947	entailment
948	entailment
949	entailment
950	entailment
951	neutral
952	entailment
953	contradiction
954	entailment
955	contradiction
956	entailment
957	entailment
958	entailment
959	contradiction
960	entailment
961	entailment
962	contradiction
963	entailment
964	entailment
965	entailment
966	contradiction
967	entailment
968	contradiction
969	contradiction
970	entailment
971	entailment
972	entailment
973	neutral
974	contradiction
975	neutral
976	contradiction
977	neutral
978	contradiction
979	neutral
980	contradiction
981	neutral
982	contradiction
983	neutral
984	entailment
985	entailment
986	entailment
987	neutral
988	neutral
989	neutral
990	entailment
991	neutral
992	contradiction
993	contradiction
994	entailment
995	entailment
996	entailment
997	entailment
998	entailment
999	entailment
1000	entailment
1001	neutral
1002	entailment
1003	entailment
1004	entailment
1005	entailment
1006	entailment
1007	entailment
1008	entailment
1009	entailment
1010	contradiction
1011	contradiction
1012	entailment
1013	entailment
1014	entailment
1015	entailment
1016	entailment
1017	entailment
1018	neutral
1019	neutral
1020	neutral
1021	neutral
1022	neutral
1023	neutral
1024	entailment
1025	neutral
1026	entailment
1027	neutral
1028	neutral
1029	contradiction
1030	neutral
1031	entailment
1032	entailment
1033	neutral
1034	entailment
1035	neutral
1036	contradiction
1037	contradiction
1038	contradiction
1039	contradiction
1040	contradiction
1041	contradiction
1042	contradiction
1043	contradiction
1044	entailment
1045	entailment
1046	entailment
1047	entailment
1048	entailment
1049	entailment
1050	entailment
1051	entailment
1052	entailment
1053	entailment
1054	neutral
1055	neutral
1056	entailment
1057	entailment
1058	neutral
1059	neutral
1060	neutral
1061	neutral
1062	entailment
1063	neutral
1064	contradiction
1065	contradiction
1066	contradiction
1067	contradiction
1068	entailment
1069	entailment
1070	entailment
1071	entailment
1072	entailment
1073	entailment
1074	entailment
1075	neutral
1076	entailment
1077	entailment
1078	entailment
1079	entailment
1080	entailment
1081	entailment
1082	entailment
1083	entailment
1084	entailment
1085	entailment
1086	entailment
1087	neutral
1088	entailment
1089	neutral
1090	entailment
1091	neutral
1092	contradiction
1093	neutral
1094	entailment
1095	neutral
1096	contradiction
1097	neutral
1098	entailment
1099	entailment
1100	neutral
1101	entailment
1102	neutral
1103	entailment
