index	prediction
0	entailment
1	entailment
2	entailment
3	not_entailment
4	entailment
5	not_entailment
6	not_entailment
7	entailment
8	entailment
9	not_entailment
10	entailment
11	entailment
12	entailment
13	not_entailment
14	entailment
15	entailment
16	not_entailment
17	not_entailment
18	not_entailment
19	entailment
20	entailment
21	not_entailment
22	entailment
23	not_entailment
24	not_entailment
25	not_entailment
26	entailment
27	entailment
28	not_entailment
29	entailment
30	entailment
31	entailment
32	entailment
33	entailment
34	entailment
35	entailment
36	entailment
37	not_entailment
38	entailment
39	entailment
40	entailment
41	not_entailment
42	not_entailment
43	not_entailment
44	entailment
45	not_entailment
46	entailment
47	entailment
48	not_entailment
49	entailment
50	not_entailment
51	not_entailment
52	not_entailment
53	not_entailment
54	entailment
55	entailment
56	entailment
57	entailment
58	not_entailment
59	entailment
60	entailment
61	entailment
62	entailment
63	entailment
64	entailment
65	entailment
66	entailment
67	not_entailment
68	not_entailment
69	not_entailment
70	entailment
71	entailment
72	not_entailment
73	not_entailment
74	entailment
75	not_entailment
76	not_entailment
77	not_entailment
78	entailment
79	not_entailment
80	entailment
81	not_entailment
82	not_entailment
83	entailment
84	entailment
85	not_entailment
86	not_entailment
87	entailment
88	entailment
89	not_entailment
90	entailment
91	not_entailment
92	entailment
93	entailment
94	not_entailment
95	entailment
96	not_entailment
97	entailment
98	not_entailment
99	entailment
100	not_entailment
101	entailment
102	entailment
103	entailment
104	entailment
105	entailment
106	entailment
107	entailment
108	entailment
109	entailment
110	not_entailment
111	not_entailment
112	not_entailment
113	entailment
114	entailment
115	entailment
116	entailment
117	not_entailment
118	entailment
119	entailment
120	not_entailment
121	entailment
122	entailment
123	entailment
124	entailment
125	not_entailment
126	not_entailment
127	entailment
128	entailment
129	not_entailment
130	not_entailment
131	entailment
132	not_entailment
133	entailment
134	entailment
135	not_entailment
136	not_entailment
137	not_entailment
138	entailment
139	not_entailment
140	entailment
141	not_entailment
142	entailment
143	entailment
144	entailment
145	not_entailment
146	entailment
147	entailment
148	entailment
149	not_entailment
150	not_entailment
151	not_entailment
152	not_entailment
153	entailment
154	entailment
155	entailment
156	not_entailment
157	entailment
158	entailment
159	entailment
160	entailment
161	entailment
162	not_entailment
163	entailment
164	entailment
165	entailment
166	entailment
167	entailment
168	not_entailment
169	entailment
170	entailment
171	entailment
172	not_entailment
173	entailment
174	entailment
175	entailment
176	not_entailment
177	entailment
178	not_entailment
179	not_entailment
180	not_entailment
181	not_entailment
182	entailment
183	not_entailment
184	entailment
185	entailment
186	entailment
187	entailment
188	entailment
189	entailment
190	not_entailment
191	not_entailment
192	entailment
193	not_entailment
194	not_entailment
195	entailment
196	not_entailment
197	entailment
198	entailment
199	entailment
200	entailment
201	entailment
202	entailment
203	entailment
204	entailment
205	entailment
206	entailment
207	entailment
208	entailment
209	entailment
210	not_entailment
211	entailment
212	not_entailment
213	entailment
214	entailment
215	entailment
216	entailment
217	entailment
218	not_entailment
219	not_entailment
220	not_entailment
221	entailment
222	entailment
223	entailment
224	entailment
225	not_entailment
226	entailment
227	entailment
228	entailment
229	entailment
230	not_entailment
231	entailment
232	entailment
233	entailment
234	not_entailment
235	not_entailment
236	entailment
237	entailment
238	not_entailment
239	entailment
240	not_entailment
241	entailment
242	not_entailment
243	entailment
244	entailment
245	not_entailment
246	entailment
247	not_entailment
248	entailment
249	entailment
250	entailment
251	entailment
252	entailment
253	not_entailment
254	not_entailment
255	not_entailment
256	not_entailment
257	not_entailment
258	entailment
259	not_entailment
260	entailment
261	entailment
262	not_entailment
263	not_entailment
264	entailment
265	entailment
266	entailment
267	not_entailment
268	entailment
269	entailment
270	entailment
271	entailment
272	not_entailment
273	entailment
274	not_entailment
275	not_entailment
276	entailment
277	entailment
278	not_entailment
279	entailment
280	entailment
281	not_entailment
282	not_entailment
283	entailment
284	entailment
285	entailment
286	not_entailment
287	entailment
288	entailment
289	entailment
290	entailment
291	entailment
292	not_entailment
293	not_entailment
294	entailment
295	not_entailment
296	not_entailment
297	entailment
298	entailment
299	entailment
300	entailment
301	not_entailment
302	not_entailment
303	not_entailment
304	not_entailment
305	entailment
306	not_entailment
307	entailment
308	not_entailment
309	not_entailment
310	not_entailment
311	entailment
312	entailment
313	entailment
314	not_entailment
315	entailment
316	not_entailment
317	entailment
318	entailment
319	not_entailment
320	entailment
321	not_entailment
322	not_entailment
323	entailment
324	entailment
325	entailment
326	entailment
327	entailment
328	entailment
329	entailment
330	entailment
331	entailment
332	not_entailment
333	entailment
334	entailment
335	entailment
336	not_entailment
337	not_entailment
338	entailment
339	entailment
340	entailment
341	entailment
342	entailment
343	not_entailment
344	entailment
345	entailment
346	not_entailment
347	entailment
348	entailment
349	not_entailment
350	entailment
351	not_entailment
352	entailment
353	entailment
354	not_entailment
355	not_entailment
356	entailment
357	not_entailment
358	entailment
359	not_entailment
360	entailment
361	not_entailment
362	entailment
363	not_entailment
364	entailment
365	not_entailment
366	not_entailment
367	not_entailment
368	not_entailment
369	not_entailment
370	entailment
371	not_entailment
372	not_entailment
373	not_entailment
374	entailment
375	entailment
376	entailment
377	not_entailment
378	entailment
379	not_entailment
380	not_entailment
381	not_entailment
382	entailment
383	entailment
384	not_entailment
385	entailment
386	not_entailment
387	not_entailment
388	not_entailment
389	entailment
390	entailment
391	entailment
392	not_entailment
393	not_entailment
394	entailment
395	entailment
396	not_entailment
397	entailment
398	entailment
399	entailment
400	entailment
401	entailment
402	entailment
403	not_entailment
404	entailment
405	entailment
406	not_entailment
407	not_entailment
408	not_entailment
409	not_entailment
410	entailment
411	entailment
412	not_entailment
413	entailment
414	entailment
415	entailment
416	entailment
417	entailment
418	entailment
419	not_entailment
420	entailment
421	entailment
422	entailment
423	not_entailment
424	entailment
425	not_entailment
426	not_entailment
427	entailment
428	not_entailment
429	not_entailment
430	entailment
431	entailment
432	entailment
433	entailment
434	entailment
435	not_entailment
436	entailment
437	entailment
438	not_entailment
439	entailment
440	entailment
441	not_entailment
442	entailment
443	entailment
444	entailment
445	entailment
446	not_entailment
447	entailment
448	entailment
449	not_entailment
450	entailment
451	entailment
452	not_entailment
453	entailment
454	entailment
455	not_entailment
456	entailment
457	entailment
458	entailment
459	entailment
460	entailment
461	entailment
462	entailment
463	not_entailment
464	entailment
465	entailment
466	entailment
467	not_entailment
468	entailment
469	not_entailment
470	entailment
471	not_entailment
472	not_entailment
473	entailment
474	entailment
475	not_entailment
476	not_entailment
477	not_entailment
478	entailment
479	entailment
480	entailment
481	not_entailment
482	not_entailment
483	not_entailment
484	entailment
485	entailment
486	not_entailment
487	entailment
488	entailment
489	not_entailment
490	entailment
491	entailment
492	entailment
493	not_entailment
494	not_entailment
495	entailment
496	entailment
497	not_entailment
498	not_entailment
499	entailment
500	entailment
501	not_entailment
502	entailment
503	entailment
504	not_entailment
505	entailment
506	entailment
507	not_entailment
508	entailment
509	not_entailment
510	not_entailment
511	not_entailment
512	entailment
513	entailment
514	entailment
515	entailment
516	entailment
517	not_entailment
518	entailment
519	entailment
520	entailment
521	entailment
522	not_entailment
523	entailment
524	entailment
525	entailment
526	entailment
527	entailment
528	entailment
529	entailment
530	entailment
531	entailment
532	entailment
533	entailment
534	entailment
535	not_entailment
536	not_entailment
537	not_entailment
538	not_entailment
539	entailment
540	entailment
541	entailment
542	entailment
543	entailment
544	not_entailment
545	not_entailment
546	entailment
547	entailment
548	entailment
549	not_entailment
550	not_entailment
551	not_entailment
552	entailment
553	entailment
554	entailment
555	entailment
556	entailment
557	entailment
558	not_entailment
559	entailment
560	entailment
561	entailment
562	entailment
563	not_entailment
564	not_entailment
565	not_entailment
566	entailment
567	entailment
568	entailment
569	entailment
570	entailment
571	entailment
572	entailment
573	entailment
574	entailment
575	entailment
576	entailment
577	entailment
578	entailment
579	not_entailment
580	entailment
581	entailment
582	not_entailment
583	entailment
584	not_entailment
585	entailment
586	not_entailment
587	not_entailment
588	not_entailment
589	not_entailment
590	entailment
591	entailment
592	entailment
593	entailment
594	not_entailment
595	entailment
596	not_entailment
597	entailment
598	entailment
599	not_entailment
600	not_entailment
601	entailment
602	entailment
603	entailment
604	not_entailment
605	entailment
606	entailment
607	entailment
608	not_entailment
609	not_entailment
610	not_entailment
611	entailment
612	entailment
613	entailment
614	entailment
615	not_entailment
616	not_entailment
617	entailment
618	entailment
619	not_entailment
620	not_entailment
621	not_entailment
622	entailment
623	entailment
624	entailment
625	not_entailment
626	entailment
627	not_entailment
628	not_entailment
629	not_entailment
630	entailment
631	entailment
632	entailment
633	not_entailment
634	entailment
635	not_entailment
636	entailment
637	not_entailment
638	not_entailment
639	entailment
640	entailment
641	entailment
642	not_entailment
643	entailment
644	not_entailment
645	not_entailment
646	not_entailment
647	entailment
648	not_entailment
649	not_entailment
650	not_entailment
651	not_entailment
652	entailment
653	entailment
654	entailment
655	entailment
656	not_entailment
657	not_entailment
658	not_entailment
659	entailment
660	not_entailment
661	entailment
662	entailment
663	entailment
664	entailment
665	entailment
666	entailment
667	not_entailment
668	not_entailment
669	not_entailment
670	not_entailment
671	entailment
672	entailment
673	entailment
674	entailment
675	not_entailment
676	entailment
677	not_entailment
678	not_entailment
679	entailment
680	entailment
681	not_entailment
682	entailment
683	entailment
684	not_entailment
685	not_entailment
686	not_entailment
687	not_entailment
688	entailment
689	not_entailment
690	entailment
691	not_entailment
692	entailment
693	entailment
694	not_entailment
695	not_entailment
696	entailment
697	not_entailment
698	entailment
699	entailment
700	entailment
701	entailment
702	entailment
703	not_entailment
704	not_entailment
705	entailment
706	entailment
707	not_entailment
708	entailment
709	entailment
710	not_entailment
711	entailment
712	not_entailment
713	entailment
714	entailment
715	not_entailment
716	not_entailment
717	entailment
718	entailment
719	not_entailment
720	entailment
721	entailment
722	entailment
723	not_entailment
724	entailment
725	not_entailment
726	entailment
727	not_entailment
728	entailment
729	entailment
730	entailment
731	entailment
732	entailment
733	entailment
734	entailment
735	entailment
736	entailment
737	entailment
738	entailment
739	entailment
740	not_entailment
741	not_entailment
742	not_entailment
743	entailment
744	not_entailment
745	entailment
746	entailment
747	not_entailment
748	entailment
749	not_entailment
750	entailment
751	entailment
752	entailment
753	entailment
754	entailment
755	entailment
756	not_entailment
757	entailment
758	entailment
759	entailment
760	entailment
761	not_entailment
762	not_entailment
763	not_entailment
764	not_entailment
765	not_entailment
766	not_entailment
767	not_entailment
768	entailment
769	not_entailment
770	entailment
771	not_entailment
772	entailment
773	entailment
774	entailment
775	not_entailment
776	not_entailment
777	entailment
778	not_entailment
779	entailment
780	not_entailment
781	entailment
782	entailment
783	entailment
784	entailment
785	entailment
786	not_entailment
787	entailment
788	not_entailment
789	not_entailment
790	entailment
791	entailment
792	entailment
793	entailment
794	entailment
795	entailment
796	entailment
797	entailment
798	entailment
799	not_entailment
800	entailment
801	not_entailment
802	entailment
803	entailment
804	entailment
805	not_entailment
806	not_entailment
807	not_entailment
808	entailment
809	entailment
810	entailment
811	entailment
812	not_entailment
813	entailment
814	entailment
815	entailment
816	entailment
817	not_entailment
818	entailment
819	entailment
820	entailment
821	entailment
822	entailment
823	entailment
824	not_entailment
825	not_entailment
826	not_entailment
827	entailment
828	not_entailment
829	not_entailment
830	entailment
831	entailment
832	entailment
833	entailment
834	entailment
835	not_entailment
836	entailment
837	entailment
838	entailment
839	not_entailment
840	entailment
841	not_entailment
842	entailment
843	not_entailment
844	entailment
845	not_entailment
846	entailment
847	entailment
848	not_entailment
849	entailment
850	entailment
851	entailment
852	not_entailment
853	entailment
854	entailment
855	entailment
856	entailment
857	entailment
858	entailment
859	not_entailment
860	not_entailment
861	entailment
862	entailment
863	entailment
864	entailment
865	entailment
866	entailment
867	entailment
868	not_entailment
869	not_entailment
870	not_entailment
871	entailment
872	entailment
873	not_entailment
874	entailment
875	not_entailment
876	not_entailment
877	entailment
878	entailment
879	entailment
880	entailment
881	not_entailment
882	not_entailment
883	entailment
884	not_entailment
885	entailment
886	not_entailment
887	entailment
888	not_entailment
889	not_entailment
890	entailment
891	not_entailment
892	entailment
893	entailment
894	not_entailment
895	entailment
896	entailment
897	not_entailment
898	not_entailment
899	entailment
900	entailment
901	entailment
902	entailment
903	not_entailment
904	not_entailment
905	not_entailment
906	entailment
907	not_entailment
908	entailment
909	entailment
910	not_entailment
911	not_entailment
912	not_entailment
913	entailment
914	entailment
915	entailment
916	entailment
917	entailment
918	not_entailment
919	entailment
920	not_entailment
921	not_entailment
922	not_entailment
923	not_entailment
924	entailment
925	entailment
926	not_entailment
927	not_entailment
928	not_entailment
929	entailment
930	entailment
931	entailment
932	not_entailment
933	entailment
934	not_entailment
935	not_entailment
936	entailment
937	entailment
938	not_entailment
939	entailment
940	not_entailment
941	entailment
942	entailment
943	not_entailment
944	entailment
945	not_entailment
946	entailment
947	entailment
948	not_entailment
949	not_entailment
950	not_entailment
951	not_entailment
952	entailment
953	entailment
954	not_entailment
955	not_entailment
956	entailment
957	entailment
958	entailment
959	entailment
960	not_entailment
961	entailment
962	entailment
963	entailment
964	entailment
965	entailment
966	entailment
967	entailment
968	entailment
969	entailment
970	entailment
971	not_entailment
972	entailment
973	entailment
974	not_entailment
975	not_entailment
976	not_entailment
977	entailment
978	entailment
979	not_entailment
980	not_entailment
981	entailment
982	not_entailment
983	entailment
984	not_entailment
985	entailment
986	entailment
987	entailment
988	entailment
989	not_entailment
990	not_entailment
991	not_entailment
992	not_entailment
993	entailment
994	entailment
995	not_entailment
996	not_entailment
997	not_entailment
998	not_entailment
999	not_entailment
1000	not_entailment
1001	entailment
1002	entailment
1003	entailment
1004	not_entailment
1005	not_entailment
1006	entailment
1007	entailment
1008	not_entailment
1009	not_entailment
1010	entailment
1011	not_entailment
1012	not_entailment
1013	not_entailment
1014	entailment
1015	entailment
1016	entailment
1017	not_entailment
1018	not_entailment
1019	not_entailment
1020	not_entailment
1021	not_entailment
1022	not_entailment
1023	entailment
1024	entailment
1025	not_entailment
1026	not_entailment
1027	entailment
1028	entailment
1029	not_entailment
1030	entailment
1031	not_entailment
1032	entailment
1033	not_entailment
1034	entailment
1035	entailment
1036	entailment
1037	entailment
1038	not_entailment
1039	not_entailment
1040	entailment
1041	entailment
1042	entailment
1043	entailment
1044	not_entailment
1045	not_entailment
1046	entailment
1047	entailment
1048	entailment
1049	not_entailment
1050	entailment
1051	entailment
1052	not_entailment
1053	entailment
1054	entailment
1055	not_entailment
1056	not_entailment
1057	entailment
1058	entailment
1059	entailment
1060	not_entailment
1061	entailment
1062	entailment
1063	entailment
1064	not_entailment
1065	not_entailment
1066	not_entailment
1067	entailment
1068	entailment
1069	entailment
1070	not_entailment
1071	entailment
1072	not_entailment
1073	entailment
1074	entailment
1075	not_entailment
1076	entailment
1077	entailment
1078	not_entailment
1079	entailment
1080	entailment
1081	not_entailment
1082	entailment
1083	entailment
1084	entailment
1085	not_entailment
1086	entailment
1087	not_entailment
1088	entailment
1089	entailment
1090	entailment
1091	not_entailment
1092	not_entailment
1093	entailment
1094	entailment
1095	entailment
1096	not_entailment
1097	entailment
1098	entailment
1099	entailment
1100	not_entailment
1101	not_entailment
1102	entailment
1103	entailment
1104	entailment
1105	entailment
1106	entailment
1107	entailment
1108	entailment
1109	not_entailment
1110	entailment
1111	entailment
1112	entailment
1113	entailment
1114	not_entailment
1115	not_entailment
1116	not_entailment
1117	entailment
1118	entailment
1119	not_entailment
1120	entailment
1121	not_entailment
1122	not_entailment
1123	entailment
1124	entailment
1125	not_entailment
1126	entailment
1127	not_entailment
1128	entailment
1129	not_entailment
1130	not_entailment
1131	entailment
1132	not_entailment
1133	not_entailment
1134	entailment
1135	not_entailment
1136	entailment
1137	entailment
1138	not_entailment
1139	entailment
1140	entailment
1141	entailment
1142	not_entailment
1143	entailment
1144	not_entailment
1145	entailment
1146	entailment
1147	not_entailment
1148	entailment
1149	not_entailment
1150	not_entailment
1151	not_entailment
1152	entailment
1153	entailment
1154	entailment
1155	entailment
1156	not_entailment
1157	not_entailment
1158	entailment
1159	entailment
1160	entailment
1161	entailment
1162	not_entailment
1163	not_entailment
1164	entailment
1165	entailment
1166	entailment
1167	entailment
1168	entailment
1169	entailment
1170	entailment
1171	not_entailment
1172	not_entailment
1173	entailment
1174	not_entailment
1175	entailment
1176	not_entailment
1177	entailment
1178	entailment
1179	not_entailment
1180	entailment
1181	not_entailment
1182	entailment
1183	not_entailment
1184	entailment
1185	not_entailment
1186	entailment
1187	not_entailment
1188	not_entailment
1189	not_entailment
1190	entailment
1191	not_entailment
1192	not_entailment
1193	entailment
1194	entailment
1195	entailment
1196	entailment
1197	entailment
1198	entailment
1199	not_entailment
1200	entailment
1201	entailment
1202	not_entailment
1203	not_entailment
1204	entailment
1205	entailment
1206	entailment
1207	entailment
1208	not_entailment
1209	entailment
1210	not_entailment
1211	entailment
1212	entailment
1213	entailment
1214	not_entailment
1215	not_entailment
1216	not_entailment
1217	not_entailment
1218	entailment
1219	not_entailment
1220	entailment
1221	entailment
1222	entailment
1223	not_entailment
1224	entailment
1225	not_entailment
1226	entailment
1227	not_entailment
1228	not_entailment
1229	entailment
1230	entailment
1231	not_entailment
1232	entailment
1233	entailment
1234	not_entailment
1235	not_entailment
1236	not_entailment
1237	entailment
1238	not_entailment
1239	entailment
1240	not_entailment
1241	entailment
1242	entailment
1243	not_entailment
1244	entailment
1245	entailment
1246	not_entailment
1247	not_entailment
1248	not_entailment
1249	not_entailment
1250	entailment
1251	not_entailment
1252	entailment
1253	not_entailment
1254	entailment
1255	entailment
1256	entailment
1257	not_entailment
1258	not_entailment
1259	entailment
1260	not_entailment
1261	entailment
1262	entailment
1263	not_entailment
1264	entailment
1265	not_entailment
1266	not_entailment
1267	not_entailment
1268	entailment
1269	not_entailment
1270	entailment
1271	entailment
1272	entailment
1273	not_entailment
1274	entailment
1275	not_entailment
1276	entailment
1277	entailment
1278	entailment
1279	entailment
1280	not_entailment
1281	not_entailment
1282	not_entailment
1283	not_entailment
1284	not_entailment
1285	not_entailment
1286	entailment
1287	entailment
1288	entailment
1289	not_entailment
1290	entailment
1291	not_entailment
1292	entailment
1293	not_entailment
1294	entailment
1295	entailment
1296	entailment
1297	entailment
1298	not_entailment
1299	entailment
1300	entailment
1301	entailment
1302	entailment
1303	entailment
1304	entailment
1305	entailment
1306	entailment
1307	not_entailment
1308	not_entailment
1309	entailment
1310	not_entailment
1311	entailment
1312	entailment
1313	not_entailment
1314	entailment
1315	entailment
1316	entailment
1317	entailment
1318	not_entailment
1319	entailment
1320	entailment
1321	entailment
1322	entailment
1323	entailment
1324	entailment
1325	entailment
1326	not_entailment
1327	not_entailment
1328	entailment
1329	entailment
1330	not_entailment
1331	entailment
1332	not_entailment
1333	entailment
1334	entailment
1335	entailment
1336	entailment
1337	entailment
1338	not_entailment
1339	entailment
1340	entailment
1341	entailment
1342	entailment
1343	entailment
1344	entailment
1345	entailment
1346	entailment
1347	not_entailment
1348	not_entailment
1349	entailment
1350	not_entailment
1351	not_entailment
1352	not_entailment
1353	entailment
1354	entailment
1355	entailment
1356	entailment
1357	not_entailment
1358	not_entailment
1359	not_entailment
1360	not_entailment
1361	entailment
1362	not_entailment
1363	entailment
1364	entailment
1365	entailment
1366	entailment
1367	entailment
1368	not_entailment
1369	entailment
1370	not_entailment
1371	entailment
1372	entailment
1373	entailment
1374	entailment
1375	entailment
1376	not_entailment
1377	entailment
1378	not_entailment
1379	not_entailment
1380	not_entailment
1381	entailment
1382	entailment
1383	not_entailment
1384	entailment
1385	not_entailment
1386	entailment
1387	entailment
1388	entailment
1389	not_entailment
1390	entailment
1391	entailment
1392	entailment
1393	not_entailment
1394	entailment
1395	entailment
1396	entailment
1397	not_entailment
1398	not_entailment
1399	not_entailment
1400	entailment
1401	not_entailment
1402	entailment
1403	not_entailment
1404	entailment
1405	not_entailment
1406	not_entailment
1407	not_entailment
1408	not_entailment
1409	not_entailment
1410	not_entailment
1411	entailment
1412	not_entailment
1413	entailment
1414	not_entailment
1415	not_entailment
1416	not_entailment
1417	not_entailment
1418	not_entailment
1419	not_entailment
1420	not_entailment
1421	not_entailment
1422	entailment
1423	entailment
1424	entailment
1425	not_entailment
1426	not_entailment
1427	entailment
1428	entailment
1429	entailment
1430	entailment
1431	entailment
1432	entailment
1433	not_entailment
1434	entailment
1435	entailment
1436	entailment
1437	not_entailment
1438	entailment
1439	not_entailment
1440	entailment
1441	entailment
1442	not_entailment
1443	entailment
1444	not_entailment
1445	not_entailment
1446	entailment
1447	entailment
1448	entailment
1449	not_entailment
1450	entailment
1451	entailment
1452	not_entailment
1453	entailment
1454	entailment
1455	not_entailment
1456	entailment
1457	not_entailment
1458	entailment
1459	not_entailment
1460	not_entailment
1461	not_entailment
1462	entailment
1463	entailment
1464	entailment
1465	not_entailment
1466	entailment
1467	entailment
1468	not_entailment
1469	entailment
1470	not_entailment
1471	entailment
1472	entailment
1473	entailment
1474	entailment
1475	entailment
1476	not_entailment
1477	entailment
1478	entailment
1479	entailment
1480	entailment
1481	entailment
1482	entailment
1483	not_entailment
1484	not_entailment
1485	entailment
1486	not_entailment
1487	not_entailment
1488	entailment
1489	entailment
1490	entailment
1491	entailment
1492	entailment
1493	entailment
1494	entailment
1495	not_entailment
1496	entailment
1497	not_entailment
1498	entailment
1499	not_entailment
1500	entailment
1501	entailment
1502	entailment
1503	not_entailment
1504	entailment
1505	entailment
1506	not_entailment
1507	not_entailment
1508	entailment
1509	not_entailment
1510	entailment
1511	entailment
1512	entailment
1513	entailment
1514	entailment
1515	not_entailment
1516	entailment
1517	entailment
1518	entailment
1519	entailment
1520	entailment
1521	entailment
1522	entailment
1523	not_entailment
1524	entailment
1525	entailment
1526	not_entailment
1527	entailment
1528	entailment
1529	entailment
1530	entailment
1531	entailment
1532	entailment
1533	not_entailment
1534	not_entailment
1535	entailment
1536	entailment
1537	not_entailment
1538	entailment
1539	not_entailment
1540	not_entailment
1541	not_entailment
1542	not_entailment
1543	entailment
1544	not_entailment
1545	entailment
1546	not_entailment
1547	not_entailment
1548	not_entailment
1549	not_entailment
1550	entailment
1551	entailment
1552	entailment
1553	entailment
1554	not_entailment
1555	not_entailment
1556	entailment
1557	not_entailment
1558	not_entailment
1559	entailment
1560	not_entailment
1561	not_entailment
1562	not_entailment
1563	entailment
1564	entailment
1565	not_entailment
1566	entailment
1567	not_entailment
1568	entailment
1569	not_entailment
1570	entailment
1571	entailment
1572	entailment
1573	entailment
1574	not_entailment
1575	entailment
1576	not_entailment
1577	entailment
1578	entailment
1579	not_entailment
1580	not_entailment
1581	entailment
1582	entailment
1583	not_entailment
1584	not_entailment
1585	not_entailment
1586	not_entailment
1587	entailment
1588	entailment
1589	not_entailment
1590	entailment
1591	entailment
1592	not_entailment
1593	not_entailment
1594	entailment
1595	entailment
1596	entailment
1597	entailment
1598	not_entailment
1599	entailment
1600	entailment
1601	entailment
1602	entailment
1603	not_entailment
1604	not_entailment
1605	entailment
1606	not_entailment
1607	entailment
1608	entailment
1609	entailment
1610	not_entailment
1611	not_entailment
1612	entailment
1613	not_entailment
1614	not_entailment
1615	entailment
1616	entailment
1617	entailment
1618	entailment
1619	entailment
1620	not_entailment
1621	not_entailment
1622	entailment
1623	not_entailment
1624	entailment
1625	entailment
1626	entailment
1627	entailment
1628	entailment
1629	not_entailment
1630	not_entailment
1631	entailment
1632	entailment
1633	entailment
1634	entailment
1635	not_entailment
1636	entailment
1637	entailment
1638	entailment
1639	entailment
1640	entailment
1641	entailment
1642	entailment
1643	not_entailment
1644	entailment
1645	not_entailment
1646	entailment
1647	entailment
1648	not_entailment
1649	entailment
1650	entailment
1651	entailment
1652	not_entailment
1653	not_entailment
1654	entailment
1655	not_entailment
1656	entailment
1657	not_entailment
1658	not_entailment
1659	not_entailment
1660	entailment
1661	entailment
1662	not_entailment
1663	not_entailment
1664	entailment
1665	entailment
1666	not_entailment
1667	entailment
1668	entailment
1669	not_entailment
1670	not_entailment
1671	entailment
1672	entailment
1673	entailment
1674	entailment
1675	not_entailment
1676	entailment
1677	not_entailment
1678	entailment
1679	entailment
1680	entailment
1681	entailment
1682	not_entailment
1683	not_entailment
1684	entailment
1685	entailment
1686	entailment
1687	entailment
1688	not_entailment
1689	not_entailment
1690	entailment
1691	not_entailment
1692	entailment
1693	entailment
1694	entailment
1695	entailment
1696	entailment
1697	not_entailment
1698	not_entailment
1699	entailment
1700	entailment
1701	entailment
1702	entailment
1703	entailment
1704	entailment
1705	not_entailment
1706	entailment
1707	entailment
1708	not_entailment
1709	not_entailment
1710	not_entailment
1711	not_entailment
1712	not_entailment
1713	entailment
1714	not_entailment
1715	not_entailment
1716	not_entailment
1717	entailment
1718	not_entailment
1719	entailment
1720	not_entailment
1721	entailment
1722	entailment
1723	not_entailment
1724	entailment
1725	entailment
1726	entailment
1727	entailment
1728	not_entailment
1729	not_entailment
1730	entailment
1731	not_entailment
1732	entailment
1733	not_entailment
1734	entailment
1735	not_entailment
1736	entailment
1737	entailment
1738	entailment
1739	not_entailment
1740	not_entailment
1741	entailment
1742	not_entailment
1743	entailment
1744	not_entailment
1745	entailment
1746	entailment
1747	entailment
1748	not_entailment
1749	entailment
1750	entailment
1751	entailment
1752	not_entailment
1753	not_entailment
1754	entailment
1755	entailment
1756	entailment
1757	entailment
1758	not_entailment
1759	not_entailment
1760	entailment
1761	entailment
1762	not_entailment
1763	entailment
1764	entailment
1765	entailment
1766	entailment
1767	not_entailment
1768	not_entailment
1769	not_entailment
1770	entailment
1771	not_entailment
1772	entailment
1773	not_entailment
1774	not_entailment
1775	not_entailment
1776	entailment
1777	not_entailment
1778	entailment
1779	not_entailment
1780	not_entailment
1781	entailment
1782	not_entailment
1783	not_entailment
1784	not_entailment
1785	entailment
1786	entailment
1787	entailment
1788	not_entailment
1789	entailment
1790	entailment
1791	entailment
1792	entailment
1793	not_entailment
1794	not_entailment
1795	entailment
1796	entailment
1797	not_entailment
1798	entailment
1799	entailment
1800	not_entailment
1801	entailment
1802	not_entailment
1803	entailment
1804	not_entailment
1805	entailment
1806	entailment
1807	entailment
1808	entailment
1809	entailment
1810	entailment
1811	not_entailment
1812	not_entailment
1813	entailment
1814	entailment
1815	not_entailment
1816	entailment
1817	not_entailment
1818	entailment
1819	entailment
1820	not_entailment
1821	entailment
1822	not_entailment
1823	entailment
1824	not_entailment
1825	entailment
1826	entailment
1827	entailment
1828	not_entailment
1829	entailment
1830	not_entailment
1831	not_entailment
1832	entailment
1833	not_entailment
1834	entailment
1835	entailment
1836	entailment
1837	entailment
1838	entailment
1839	entailment
1840	entailment
1841	entailment
1842	not_entailment
1843	entailment
1844	not_entailment
1845	not_entailment
1846	not_entailment
1847	entailment
1848	not_entailment
1849	entailment
1850	not_entailment
1851	entailment
1852	not_entailment
1853	entailment
1854	entailment
1855	entailment
1856	not_entailment
1857	not_entailment
1858	entailment
1859	not_entailment
1860	not_entailment
1861	not_entailment
1862	entailment
1863	entailment
1864	not_entailment
1865	entailment
1866	entailment
1867	not_entailment
1868	entailment
1869	not_entailment
1870	entailment
1871	not_entailment
1872	entailment
1873	entailment
1874	entailment
1875	entailment
1876	not_entailment
1877	not_entailment
1878	entailment
1879	entailment
1880	entailment
1881	not_entailment
1882	entailment
1883	not_entailment
1884	not_entailment
1885	entailment
1886	entailment
1887	entailment
1888	not_entailment
1889	not_entailment
1890	not_entailment
1891	entailment
1892	entailment
1893	entailment
1894	not_entailment
1895	entailment
1896	entailment
1897	entailment
1898	not_entailment
1899	entailment
1900	not_entailment
1901	entailment
1902	entailment
1903	entailment
1904	entailment
1905	entailment
1906	not_entailment
1907	not_entailment
1908	entailment
1909	entailment
1910	entailment
1911	entailment
1912	entailment
1913	entailment
1914	not_entailment
1915	entailment
1916	entailment
1917	entailment
1918	entailment
1919	not_entailment
1920	entailment
1921	entailment
1922	not_entailment
1923	entailment
1924	entailment
1925	entailment
1926	entailment
1927	entailment
1928	not_entailment
1929	not_entailment
1930	not_entailment
1931	entailment
1932	entailment
1933	not_entailment
1934	entailment
1935	entailment
1936	entailment
1937	not_entailment
1938	entailment
1939	not_entailment
1940	entailment
1941	entailment
1942	entailment
1943	entailment
1944	entailment
1945	entailment
1946	not_entailment
1947	not_entailment
1948	not_entailment
1949	not_entailment
1950	entailment
1951	entailment
1952	entailment
1953	entailment
1954	not_entailment
1955	entailment
1956	not_entailment
1957	entailment
1958	not_entailment
1959	entailment
1960	not_entailment
1961	not_entailment
1962	entailment
1963	not_entailment
1964	entailment
1965	entailment
1966	entailment
1967	entailment
1968	not_entailment
1969	entailment
1970	not_entailment
1971	entailment
1972	entailment
1973	entailment
1974	entailment
1975	entailment
1976	entailment
1977	not_entailment
1978	not_entailment
1979	entailment
1980	not_entailment
1981	entailment
1982	entailment
1983	not_entailment
1984	not_entailment
1985	not_entailment
1986	not_entailment
1987	entailment
1988	entailment
1989	entailment
1990	not_entailment
1991	not_entailment
1992	entailment
1993	entailment
1994	entailment
1995	entailment
1996	not_entailment
1997	entailment
1998	not_entailment
1999	entailment
2000	not_entailment
2001	not_entailment
2002	entailment
2003	not_entailment
2004	entailment
2005	entailment
2006	entailment
2007	entailment
2008	not_entailment
2009	entailment
2010	entailment
2011	entailment
2012	entailment
2013	not_entailment
2014	entailment
2015	entailment
2016	entailment
2017	not_entailment
2018	not_entailment
2019	entailment
2020	entailment
2021	entailment
2022	not_entailment
2023	not_entailment
2024	not_entailment
2025	not_entailment
2026	not_entailment
2027	entailment
2028	not_entailment
2029	entailment
2030	not_entailment
2031	entailment
2032	entailment
2033	entailment
2034	entailment
2035	not_entailment
2036	not_entailment
2037	not_entailment
2038	entailment
2039	not_entailment
2040	entailment
2041	not_entailment
2042	entailment
2043	not_entailment
2044	entailment
2045	entailment
2046	entailment
2047	not_entailment
2048	entailment
2049	entailment
2050	not_entailment
2051	not_entailment
2052	entailment
2053	entailment
2054	not_entailment
2055	entailment
2056	entailment
2057	not_entailment
2058	entailment
2059	entailment
2060	entailment
2061	entailment
2062	entailment
2063	not_entailment
2064	entailment
2065	not_entailment
2066	entailment
2067	entailment
2068	entailment
2069	not_entailment
2070	entailment
2071	entailment
2072	not_entailment
2073	entailment
2074	not_entailment
2075	not_entailment
2076	entailment
2077	not_entailment
2078	not_entailment
2079	entailment
2080	entailment
2081	entailment
2082	entailment
2083	entailment
2084	entailment
2085	entailment
2086	entailment
2087	entailment
2088	not_entailment
2089	not_entailment
2090	not_entailment
2091	entailment
2092	not_entailment
2093	entailment
2094	entailment
2095	entailment
2096	entailment
2097	not_entailment
2098	not_entailment
2099	entailment
2100	not_entailment
2101	not_entailment
2102	entailment
2103	entailment
2104	entailment
2105	not_entailment
2106	entailment
2107	not_entailment
2108	entailment
2109	entailment
2110	entailment
2111	not_entailment
2112	not_entailment
2113	entailment
2114	not_entailment
2115	not_entailment
2116	entailment
2117	entailment
2118	entailment
2119	entailment
2120	not_entailment
2121	not_entailment
2122	not_entailment
2123	entailment
2124	entailment
2125	entailment
2126	not_entailment
2127	not_entailment
2128	entailment
2129	entailment
2130	entailment
2131	entailment
2132	entailment
2133	entailment
2134	entailment
2135	not_entailment
2136	entailment
2137	entailment
2138	entailment
2139	entailment
2140	entailment
2141	not_entailment
2142	entailment
2143	entailment
2144	not_entailment
2145	entailment
2146	entailment
2147	entailment
2148	entailment
2149	not_entailment
2150	not_entailment
2151	not_entailment
2152	entailment
2153	not_entailment
2154	entailment
2155	entailment
2156	entailment
2157	entailment
2158	not_entailment
2159	entailment
2160	entailment
2161	entailment
2162	entailment
2163	not_entailment
2164	not_entailment
2165	not_entailment
2166	not_entailment
2167	entailment
2168	entailment
2169	not_entailment
2170	not_entailment
2171	entailment
2172	entailment
2173	entailment
2174	entailment
2175	entailment
2176	entailment
2177	not_entailment
2178	not_entailment
2179	not_entailment
2180	not_entailment
2181	entailment
2182	entailment
2183	entailment
2184	not_entailment
2185	entailment
2186	not_entailment
2187	entailment
2188	entailment
2189	entailment
2190	not_entailment
2191	entailment
2192	not_entailment
2193	entailment
2194	entailment
2195	entailment
2196	not_entailment
2197	not_entailment
2198	not_entailment
2199	entailment
2200	entailment
2201	entailment
2202	entailment
2203	entailment
2204	entailment
2205	entailment
2206	entailment
2207	not_entailment
2208	entailment
2209	entailment
2210	entailment
2211	not_entailment
2212	entailment
2213	not_entailment
2214	entailment
2215	entailment
2216	entailment
2217	not_entailment
2218	entailment
2219	not_entailment
2220	not_entailment
2221	not_entailment
2222	entailment
2223	not_entailment
2224	not_entailment
2225	entailment
2226	not_entailment
2227	entailment
2228	not_entailment
2229	not_entailment
2230	entailment
2231	entailment
2232	entailment
2233	entailment
2234	not_entailment
2235	entailment
2236	not_entailment
2237	entailment
2238	not_entailment
2239	entailment
2240	entailment
2241	entailment
2242	entailment
2243	entailment
2244	entailment
2245	not_entailment
2246	entailment
2247	entailment
2248	entailment
2249	not_entailment
2250	not_entailment
2251	not_entailment
2252	entailment
2253	entailment
2254	not_entailment
2255	entailment
2256	entailment
2257	not_entailment
2258	entailment
2259	entailment
2260	entailment
2261	entailment
2262	not_entailment
2263	entailment
2264	not_entailment
2265	entailment
2266	not_entailment
2267	entailment
2268	entailment
2269	entailment
2270	not_entailment
2271	entailment
2272	not_entailment
2273	entailment
2274	entailment
2275	not_entailment
2276	entailment
2277	entailment
2278	not_entailment
2279	not_entailment
2280	not_entailment
2281	entailment
2282	not_entailment
2283	entailment
2284	entailment
2285	not_entailment
2286	not_entailment
2287	not_entailment
2288	entailment
2289	entailment
2290	entailment
2291	not_entailment
2292	not_entailment
2293	not_entailment
2294	not_entailment
2295	entailment
2296	entailment
2297	entailment
2298	entailment
2299	not_entailment
2300	entailment
2301	not_entailment
2302	entailment
2303	not_entailment
2304	entailment
2305	entailment
2306	entailment
2307	entailment
2308	entailment
2309	entailment
2310	entailment
2311	entailment
2312	not_entailment
2313	entailment
2314	entailment
2315	entailment
2316	entailment
2317	not_entailment
2318	entailment
2319	not_entailment
2320	entailment
2321	entailment
2322	entailment
2323	not_entailment
2324	not_entailment
2325	entailment
2326	not_entailment
2327	not_entailment
2328	not_entailment
2329	entailment
2330	not_entailment
2331	entailment
2332	entailment
2333	not_entailment
2334	entailment
2335	entailment
2336	not_entailment
2337	entailment
2338	entailment
2339	entailment
2340	not_entailment
2341	not_entailment
2342	entailment
2343	not_entailment
2344	not_entailment
2345	not_entailment
2346	entailment
2347	entailment
2348	entailment
2349	entailment
2350	not_entailment
2351	entailment
2352	not_entailment
2353	not_entailment
2354	entailment
2355	entailment
2356	not_entailment
2357	not_entailment
2358	entailment
2359	entailment
2360	entailment
2361	not_entailment
2362	not_entailment
2363	entailment
2364	entailment
2365	entailment
2366	not_entailment
2367	not_entailment
2368	not_entailment
2369	not_entailment
2370	entailment
2371	not_entailment
2372	entailment
2373	entailment
2374	entailment
2375	not_entailment
2376	entailment
2377	not_entailment
2378	entailment
2379	not_entailment
2380	not_entailment
2381	entailment
2382	not_entailment
2383	entailment
2384	entailment
2385	not_entailment
2386	entailment
2387	entailment
2388	entailment
2389	entailment
2390	not_entailment
2391	entailment
2392	not_entailment
2393	entailment
2394	entailment
2395	entailment
2396	not_entailment
2397	not_entailment
2398	entailment
2399	not_entailment
2400	entailment
2401	entailment
2402	entailment
2403	entailment
2404	entailment
2405	not_entailment
2406	entailment
2407	entailment
2408	not_entailment
2409	entailment
2410	not_entailment
2411	entailment
2412	not_entailment
2413	not_entailment
2414	entailment
2415	entailment
2416	entailment
2417	not_entailment
2418	not_entailment
2419	not_entailment
2420	not_entailment
2421	entailment
2422	entailment
2423	entailment
2424	not_entailment
2425	not_entailment
2426	not_entailment
2427	not_entailment
2428	not_entailment
2429	entailment
2430	not_entailment
2431	entailment
2432	entailment
2433	not_entailment
2434	entailment
2435	entailment
2436	not_entailment
2437	entailment
2438	entailment
2439	entailment
2440	entailment
2441	entailment
2442	entailment
2443	entailment
2444	entailment
2445	entailment
2446	entailment
2447	entailment
2448	entailment
2449	entailment
2450	not_entailment
2451	not_entailment
2452	not_entailment
2453	entailment
2454	not_entailment
2455	entailment
2456	entailment
2457	entailment
2458	not_entailment
2459	not_entailment
2460	entailment
2461	not_entailment
2462	entailment
2463	entailment
2464	entailment
2465	entailment
2466	not_entailment
2467	entailment
2468	entailment
2469	entailment
2470	not_entailment
2471	not_entailment
2472	entailment
2473	entailment
2474	entailment
2475	entailment
2476	entailment
2477	entailment
2478	entailment
2479	entailment
2480	entailment
2481	not_entailment
2482	not_entailment
2483	entailment
2484	not_entailment
2485	not_entailment
2486	not_entailment
2487	not_entailment
2488	entailment
2489	entailment
2490	not_entailment
2491	entailment
2492	entailment
2493	entailment
2494	not_entailment
2495	entailment
2496	not_entailment
2497	entailment
2498	entailment
2499	not_entailment
2500	entailment
2501	entailment
2502	entailment
2503	entailment
2504	not_entailment
2505	entailment
2506	not_entailment
2507	not_entailment
2508	not_entailment
2509	entailment
2510	entailment
2511	entailment
2512	entailment
2513	entailment
2514	entailment
2515	not_entailment
2516	entailment
2517	entailment
2518	not_entailment
2519	entailment
2520	not_entailment
2521	not_entailment
2522	entailment
2523	not_entailment
2524	not_entailment
2525	not_entailment
2526	not_entailment
2527	entailment
2528	not_entailment
2529	entailment
2530	entailment
2531	entailment
2532	entailment
2533	not_entailment
2534	entailment
2535	entailment
2536	entailment
2537	not_entailment
2538	entailment
2539	not_entailment
2540	entailment
2541	entailment
2542	entailment
2543	not_entailment
2544	not_entailment
2545	not_entailment
2546	entailment
2547	entailment
2548	entailment
2549	not_entailment
2550	entailment
2551	entailment
2552	not_entailment
2553	entailment
2554	not_entailment
2555	not_entailment
2556	entailment
2557	entailment
2558	entailment
2559	entailment
2560	entailment
2561	entailment
2562	entailment
2563	entailment
2564	not_entailment
2565	entailment
2566	not_entailment
2567	entailment
2568	not_entailment
2569	entailment
2570	entailment
2571	not_entailment
2572	entailment
2573	not_entailment
2574	entailment
2575	not_entailment
2576	entailment
2577	not_entailment
2578	entailment
2579	entailment
2580	not_entailment
2581	not_entailment
2582	entailment
2583	not_entailment
2584	entailment
2585	entailment
2586	entailment
2587	entailment
2588	entailment
2589	entailment
2590	not_entailment
2591	not_entailment
2592	not_entailment
2593	entailment
2594	entailment
2595	entailment
2596	not_entailment
2597	not_entailment
2598	not_entailment
2599	entailment
2600	not_entailment
2601	entailment
2602	not_entailment
2603	entailment
2604	entailment
2605	not_entailment
2606	entailment
2607	entailment
2608	entailment
2609	entailment
2610	entailment
2611	entailment
2612	not_entailment
2613	not_entailment
2614	not_entailment
2615	entailment
2616	not_entailment
2617	not_entailment
2618	entailment
2619	entailment
2620	entailment
2621	not_entailment
2622	not_entailment
2623	entailment
2624	not_entailment
2625	entailment
2626	entailment
2627	entailment
2628	entailment
2629	not_entailment
2630	entailment
2631	entailment
2632	entailment
2633	entailment
2634	entailment
2635	entailment
2636	not_entailment
2637	entailment
2638	not_entailment
2639	entailment
2640	entailment
2641	not_entailment
2642	entailment
2643	not_entailment
2644	entailment
2645	entailment
2646	not_entailment
2647	not_entailment
2648	entailment
2649	entailment
2650	entailment
2651	entailment
2652	entailment
2653	entailment
2654	entailment
2655	entailment
2656	entailment
2657	entailment
2658	entailment
2659	not_entailment
2660	entailment
2661	not_entailment
2662	entailment
2663	not_entailment
2664	entailment
2665	not_entailment
2666	not_entailment
2667	entailment
2668	entailment
2669	entailment
2670	entailment
2671	entailment
2672	entailment
2673	not_entailment
2674	entailment
2675	not_entailment
2676	not_entailment
2677	not_entailment
2678	not_entailment
2679	entailment
2680	not_entailment
2681	not_entailment
2682	not_entailment
2683	not_entailment
2684	entailment
2685	entailment
2686	entailment
2687	entailment
2688	entailment
2689	entailment
2690	not_entailment
2691	not_entailment
2692	entailment
2693	entailment
2694	not_entailment
2695	entailment
2696	entailment
2697	entailment
2698	entailment
2699	entailment
2700	not_entailment
2701	entailment
2702	not_entailment
2703	not_entailment
2704	not_entailment
2705	not_entailment
2706	not_entailment
2707	not_entailment
2708	entailment
2709	entailment
2710	not_entailment
2711	entailment
2712	entailment
2713	entailment
2714	not_entailment
2715	not_entailment
2716	entailment
2717	entailment
2718	entailment
2719	entailment
2720	not_entailment
2721	entailment
2722	entailment
2723	not_entailment
2724	entailment
2725	entailment
2726	entailment
2727	entailment
2728	not_entailment
2729	not_entailment
2730	entailment
2731	entailment
2732	not_entailment
2733	not_entailment
2734	entailment
2735	entailment
2736	entailment
2737	entailment
2738	entailment
2739	entailment
2740	entailment
2741	not_entailment
2742	not_entailment
2743	not_entailment
2744	entailment
2745	entailment
2746	entailment
2747	entailment
2748	entailment
2749	not_entailment
2750	not_entailment
2751	entailment
2752	entailment
2753	entailment
2754	not_entailment
2755	not_entailment
2756	entailment
2757	entailment
2758	entailment
2759	not_entailment
2760	entailment
2761	entailment
2762	not_entailment
2763	entailment
2764	entailment
2765	entailment
2766	entailment
2767	not_entailment
2768	not_entailment
2769	entailment
2770	entailment
2771	entailment
2772	entailment
2773	entailment
2774	entailment
2775	entailment
2776	not_entailment
2777	not_entailment
2778	entailment
2779	not_entailment
2780	entailment
2781	not_entailment
2782	not_entailment
2783	not_entailment
2784	entailment
2785	entailment
2786	entailment
2787	not_entailment
2788	entailment
2789	not_entailment
2790	entailment
2791	entailment
2792	not_entailment
2793	not_entailment
2794	entailment
2795	entailment
2796	entailment
2797	not_entailment
2798	not_entailment
2799	entailment
2800	entailment
2801	entailment
2802	entailment
2803	not_entailment
2804	entailment
2805	not_entailment
2806	entailment
2807	not_entailment
2808	not_entailment
2809	entailment
2810	entailment
2811	entailment
2812	entailment
2813	not_entailment
2814	entailment
2815	not_entailment
2816	entailment
2817	entailment
2818	not_entailment
2819	not_entailment
2820	entailment
2821	entailment
2822	entailment
2823	not_entailment
2824	entailment
2825	entailment
2826	not_entailment
2827	entailment
2828	entailment
2829	not_entailment
2830	not_entailment
2831	entailment
2832	not_entailment
2833	entailment
2834	entailment
2835	entailment
2836	entailment
2837	entailment
2838	entailment
2839	entailment
2840	not_entailment
2841	entailment
2842	entailment
2843	entailment
2844	entailment
2845	not_entailment
2846	entailment
2847	entailment
2848	not_entailment
2849	entailment
2850	not_entailment
2851	entailment
2852	not_entailment
2853	entailment
2854	entailment
2855	not_entailment
2856	not_entailment
2857	entailment
2858	entailment
2859	not_entailment
2860	not_entailment
2861	not_entailment
2862	entailment
2863	entailment
2864	entailment
2865	entailment
2866	not_entailment
2867	entailment
2868	entailment
2869	entailment
2870	entailment
2871	entailment
2872	entailment
2873	entailment
2874	not_entailment
2875	entailment
2876	not_entailment
2877	entailment
2878	not_entailment
2879	not_entailment
2880	not_entailment
2881	entailment
2882	entailment
2883	not_entailment
2884	entailment
2885	entailment
2886	entailment
2887	entailment
2888	not_entailment
2889	entailment
2890	entailment
2891	entailment
2892	entailment
2893	entailment
2894	entailment
2895	entailment
2896	not_entailment
2897	entailment
2898	entailment
2899	not_entailment
2900	not_entailment
2901	entailment
2902	entailment
2903	entailment
2904	entailment
2905	entailment
2906	not_entailment
2907	entailment
2908	entailment
2909	entailment
2910	not_entailment
2911	entailment
2912	entailment
2913	entailment
2914	not_entailment
2915	entailment
2916	entailment
2917	entailment
2918	not_entailment
2919	entailment
2920	entailment
2921	not_entailment
2922	entailment
2923	not_entailment
2924	entailment
2925	not_entailment
2926	not_entailment
2927	entailment
2928	entailment
2929	entailment
2930	entailment
2931	entailment
2932	entailment
2933	entailment
2934	entailment
2935	entailment
2936	entailment
2937	not_entailment
2938	entailment
2939	entailment
2940	entailment
2941	not_entailment
2942	not_entailment
2943	entailment
2944	not_entailment
2945	entailment
2946	not_entailment
2947	entailment
2948	entailment
2949	not_entailment
2950	entailment
2951	not_entailment
2952	entailment
2953	not_entailment
2954	entailment
2955	not_entailment
2956	entailment
2957	entailment
2958	not_entailment
2959	not_entailment
2960	not_entailment
2961	not_entailment
2962	not_entailment
2963	not_entailment
2964	entailment
2965	entailment
2966	not_entailment
2967	entailment
2968	entailment
2969	entailment
2970	entailment
2971	not_entailment
2972	entailment
2973	not_entailment
2974	entailment
2975	entailment
2976	not_entailment
2977	entailment
2978	entailment
2979	entailment
2980	not_entailment
2981	entailment
2982	entailment
2983	not_entailment
2984	entailment
2985	entailment
2986	entailment
2987	entailment
2988	entailment
2989	not_entailment
2990	not_entailment
2991	not_entailment
2992	not_entailment
2993	entailment
2994	entailment
2995	entailment
2996	entailment
2997	entailment
2998	entailment
2999	not_entailment
3000	not_entailment
3001	not_entailment
3002	entailment
3003	not_entailment
3004	not_entailment
3005	entailment
3006	entailment
3007	not_entailment
3008	not_entailment
3009	entailment
3010	entailment
3011	entailment
3012	entailment
3013	entailment
3014	entailment
3015	not_entailment
3016	entailment
3017	entailment
3018	entailment
3019	entailment
3020	entailment
3021	not_entailment
3022	not_entailment
3023	not_entailment
3024	entailment
3025	entailment
3026	entailment
3027	not_entailment
3028	not_entailment
3029	entailment
3030	entailment
3031	entailment
3032	not_entailment
3033	not_entailment
3034	not_entailment
3035	entailment
3036	entailment
3037	entailment
3038	entailment
3039	entailment
3040	entailment
3041	not_entailment
3042	entailment
3043	entailment
3044	entailment
3045	not_entailment
3046	not_entailment
3047	entailment
3048	entailment
3049	not_entailment
3050	not_entailment
3051	entailment
3052	not_entailment
3053	entailment
3054	not_entailment
3055	not_entailment
3056	entailment
3057	entailment
3058	not_entailment
3059	not_entailment
3060	not_entailment
3061	entailment
3062	entailment
3063	entailment
3064	not_entailment
3065	not_entailment
3066	not_entailment
3067	entailment
3068	entailment
3069	not_entailment
3070	entailment
3071	not_entailment
3072	entailment
3073	entailment
3074	not_entailment
3075	entailment
3076	entailment
3077	entailment
3078	entailment
3079	entailment
3080	not_entailment
3081	entailment
3082	not_entailment
3083	not_entailment
3084	entailment
3085	not_entailment
3086	entailment
3087	entailment
3088	entailment
3089	entailment
3090	entailment
3091	entailment
3092	not_entailment
3093	entailment
3094	not_entailment
3095	entailment
3096	entailment
3097	not_entailment
3098	entailment
3099	entailment
3100	entailment
3101	entailment
3102	entailment
3103	not_entailment
3104	not_entailment
3105	entailment
3106	entailment
3107	entailment
3108	not_entailment
3109	not_entailment
3110	entailment
3111	not_entailment
3112	not_entailment
3113	not_entailment
3114	entailment
3115	not_entailment
3116	not_entailment
3117	not_entailment
3118	not_entailment
3119	entailment
3120	entailment
3121	entailment
3122	not_entailment
3123	not_entailment
3124	entailment
3125	entailment
3126	not_entailment
3127	entailment
3128	not_entailment
3129	not_entailment
3130	entailment
3131	entailment
3132	entailment
3133	entailment
3134	entailment
3135	not_entailment
3136	entailment
3137	entailment
3138	entailment
3139	entailment
3140	not_entailment
3141	not_entailment
3142	entailment
3143	entailment
3144	entailment
3145	entailment
3146	not_entailment
3147	not_entailment
3148	entailment
3149	not_entailment
3150	entailment
3151	entailment
3152	entailment
3153	entailment
3154	entailment
3155	entailment
3156	not_entailment
3157	entailment
3158	entailment
3159	not_entailment
3160	entailment
3161	entailment
3162	entailment
3163	entailment
3164	not_entailment
3165	entailment
3166	entailment
3167	entailment
3168	entailment
3169	not_entailment
3170	entailment
3171	not_entailment
3172	not_entailment
3173	not_entailment
3174	entailment
3175	entailment
3176	not_entailment
3177	entailment
3178	entailment
3179	not_entailment
3180	entailment
3181	not_entailment
3182	not_entailment
3183	entailment
3184	entailment
3185	entailment
3186	entailment
3187	entailment
3188	entailment
3189	entailment
3190	not_entailment
3191	not_entailment
3192	not_entailment
3193	entailment
3194	not_entailment
3195	entailment
3196	not_entailment
3197	not_entailment
3198	entailment
3199	not_entailment
3200	entailment
3201	entailment
3202	entailment
3203	not_entailment
3204	entailment
3205	entailment
3206	not_entailment
3207	entailment
3208	not_entailment
3209	entailment
3210	entailment
3211	not_entailment
3212	not_entailment
3213	not_entailment
3214	not_entailment
3215	not_entailment
3216	entailment
3217	entailment
3218	entailment
3219	entailment
3220	entailment
3221	entailment
3222	entailment
3223	not_entailment
3224	entailment
3225	entailment
3226	entailment
3227	entailment
3228	entailment
3229	entailment
3230	not_entailment
3231	not_entailment
3232	entailment
3233	not_entailment
3234	not_entailment
3235	entailment
3236	not_entailment
3237	entailment
3238	entailment
3239	entailment
3240	entailment
3241	not_entailment
3242	entailment
3243	entailment
3244	entailment
3245	entailment
3246	entailment
3247	entailment
3248	entailment
3249	not_entailment
3250	not_entailment
3251	not_entailment
3252	entailment
3253	entailment
3254	entailment
3255	entailment
3256	entailment
3257	entailment
3258	not_entailment
3259	not_entailment
3260	not_entailment
3261	entailment
3262	entailment
3263	entailment
3264	entailment
3265	not_entailment
3266	entailment
3267	not_entailment
3268	not_entailment
3269	entailment
3270	entailment
3271	not_entailment
3272	not_entailment
3273	entailment
3274	entailment
3275	not_entailment
3276	not_entailment
3277	entailment
3278	entailment
3279	entailment
3280	not_entailment
3281	not_entailment
3282	entailment
3283	entailment
3284	not_entailment
3285	not_entailment
3286	entailment
3287	entailment
3288	entailment
3289	not_entailment
3290	entailment
3291	entailment
3292	entailment
3293	not_entailment
3294	entailment
3295	entailment
3296	not_entailment
3297	not_entailment
3298	entailment
3299	entailment
3300	entailment
3301	entailment
3302	not_entailment
3303	entailment
3304	entailment
3305	not_entailment
3306	not_entailment
3307	not_entailment
3308	not_entailment
3309	not_entailment
3310	entailment
3311	entailment
3312	not_entailment
3313	not_entailment
3314	entailment
3315	entailment
3316	entailment
3317	not_entailment
3318	entailment
3319	not_entailment
3320	entailment
3321	entailment
3322	entailment
3323	entailment
3324	entailment
3325	entailment
3326	entailment
3327	not_entailment
3328	entailment
3329	not_entailment
3330	entailment
3331	entailment
3332	not_entailment
3333	not_entailment
3334	entailment
3335	entailment
3336	not_entailment
3337	entailment
3338	entailment
3339	not_entailment
3340	entailment
3341	not_entailment
3342	entailment
3343	entailment
3344	entailment
3345	not_entailment
3346	entailment
3347	entailment
3348	not_entailment
3349	not_entailment
3350	entailment
3351	entailment
3352	entailment
3353	not_entailment
3354	not_entailment
3355	not_entailment
3356	entailment
3357	entailment
3358	not_entailment
3359	entailment
3360	not_entailment
3361	not_entailment
3362	entailment
3363	entailment
3364	entailment
3365	not_entailment
3366	entailment
3367	not_entailment
3368	entailment
3369	not_entailment
3370	entailment
3371	entailment
3372	not_entailment
3373	not_entailment
3374	entailment
3375	entailment
3376	not_entailment
3377	entailment
3378	entailment
3379	entailment
3380	entailment
3381	not_entailment
3382	entailment
3383	not_entailment
3384	not_entailment
3385	not_entailment
3386	not_entailment
3387	entailment
3388	not_entailment
3389	not_entailment
3390	not_entailment
3391	not_entailment
3392	entailment
3393	entailment
3394	entailment
3395	entailment
3396	entailment
3397	not_entailment
3398	entailment
3399	entailment
3400	entailment
3401	entailment
3402	entailment
3403	entailment
3404	entailment
3405	not_entailment
3406	not_entailment
3407	entailment
3408	not_entailment
3409	entailment
3410	not_entailment
3411	entailment
3412	entailment
3413	not_entailment
3414	not_entailment
3415	not_entailment
3416	entailment
3417	not_entailment
3418	not_entailment
3419	not_entailment
3420	entailment
3421	entailment
3422	entailment
3423	not_entailment
3424	entailment
3425	not_entailment
3426	entailment
3427	entailment
3428	entailment
3429	entailment
3430	not_entailment
3431	not_entailment
3432	entailment
3433	entailment
3434	entailment
3435	not_entailment
3436	not_entailment
3437	entailment
3438	entailment
3439	entailment
3440	entailment
3441	entailment
3442	not_entailment
3443	entailment
3444	not_entailment
3445	not_entailment
3446	not_entailment
3447	not_entailment
3448	entailment
3449	entailment
3450	entailment
3451	entailment
3452	entailment
3453	entailment
3454	not_entailment
3455	entailment
3456	entailment
3457	not_entailment
3458	not_entailment
3459	entailment
3460	entailment
3461	not_entailment
3462	not_entailment
3463	entailment
3464	entailment
3465	entailment
3466	not_entailment
3467	entailment
3468	entailment
3469	not_entailment
3470	entailment
3471	entailment
3472	entailment
3473	entailment
3474	entailment
3475	entailment
3476	entailment
3477	not_entailment
3478	entailment
3479	entailment
3480	entailment
3481	entailment
3482	entailment
3483	entailment
3484	entailment
3485	entailment
3486	entailment
3487	entailment
3488	not_entailment
3489	entailment
3490	entailment
3491	entailment
3492	entailment
3493	entailment
3494	not_entailment
3495	entailment
3496	entailment
3497	entailment
3498	not_entailment
3499	entailment
3500	not_entailment
3501	entailment
3502	not_entailment
3503	entailment
3504	not_entailment
3505	not_entailment
3506	entailment
3507	entailment
3508	not_entailment
3509	entailment
3510	not_entailment
3511	entailment
3512	entailment
3513	entailment
3514	entailment
3515	entailment
3516	entailment
3517	entailment
3518	not_entailment
3519	not_entailment
3520	not_entailment
3521	entailment
3522	not_entailment
3523	entailment
3524	not_entailment
3525	not_entailment
3526	not_entailment
3527	not_entailment
3528	not_entailment
3529	not_entailment
3530	entailment
3531	entailment
3532	not_entailment
3533	not_entailment
3534	entailment
3535	not_entailment
3536	entailment
3537	not_entailment
3538	not_entailment
3539	not_entailment
3540	entailment
3541	entailment
3542	not_entailment
3543	entailment
3544	not_entailment
3545	entailment
3546	not_entailment
3547	entailment
3548	entailment
3549	entailment
3550	entailment
3551	entailment
3552	entailment
3553	entailment
3554	not_entailment
3555	not_entailment
3556	entailment
3557	not_entailment
3558	entailment
3559	entailment
3560	not_entailment
3561	not_entailment
3562	entailment
3563	entailment
3564	not_entailment
3565	not_entailment
3566	entailment
3567	not_entailment
3568	entailment
3569	entailment
3570	entailment
3571	entailment
3572	entailment
3573	not_entailment
3574	not_entailment
3575	not_entailment
3576	entailment
3577	not_entailment
3578	entailment
3579	entailment
3580	entailment
3581	entailment
3582	not_entailment
3583	entailment
3584	entailment
3585	not_entailment
3586	not_entailment
3587	entailment
3588	entailment
3589	entailment
3590	not_entailment
3591	entailment
3592	entailment
3593	entailment
3594	entailment
3595	entailment
3596	not_entailment
3597	entailment
3598	entailment
3599	not_entailment
3600	entailment
3601	entailment
3602	not_entailment
3603	entailment
3604	entailment
3605	entailment
3606	entailment
3607	entailment
3608	not_entailment
3609	entailment
3610	not_entailment
3611	not_entailment
3612	entailment
3613	not_entailment
3614	entailment
3615	not_entailment
3616	entailment
3617	not_entailment
3618	not_entailment
3619	entailment
3620	not_entailment
3621	entailment
3622	not_entailment
3623	not_entailment
3624	entailment
3625	entailment
3626	entailment
3627	not_entailment
3628	entailment
3629	entailment
3630	not_entailment
3631	not_entailment
3632	not_entailment
3633	not_entailment
3634	entailment
3635	not_entailment
3636	not_entailment
3637	entailment
3638	entailment
3639	not_entailment
3640	not_entailment
3641	entailment
3642	entailment
3643	entailment
3644	not_entailment
3645	entailment
3646	entailment
3647	entailment
3648	entailment
3649	entailment
3650	entailment
3651	entailment
3652	not_entailment
3653	not_entailment
3654	entailment
3655	not_entailment
3656	not_entailment
3657	entailment
3658	entailment
3659	not_entailment
3660	entailment
3661	not_entailment
3662	entailment
3663	not_entailment
3664	not_entailment
3665	entailment
3666	entailment
3667	entailment
3668	entailment
3669	entailment
3670	not_entailment
3671	not_entailment
3672	entailment
3673	entailment
3674	entailment
3675	entailment
3676	entailment
3677	entailment
3678	not_entailment
3679	entailment
3680	not_entailment
3681	not_entailment
3682	not_entailment
3683	not_entailment
3684	entailment
3685	entailment
3686	not_entailment
3687	not_entailment
3688	entailment
3689	not_entailment
3690	entailment
3691	entailment
3692	entailment
3693	entailment
3694	entailment
3695	not_entailment
3696	entailment
3697	not_entailment
3698	entailment
3699	entailment
3700	not_entailment
3701	not_entailment
3702	not_entailment
3703	not_entailment
3704	entailment
3705	entailment
3706	not_entailment
3707	entailment
3708	entailment
3709	not_entailment
3710	entailment
3711	not_entailment
3712	not_entailment
3713	entailment
3714	entailment
3715	entailment
3716	not_entailment
3717	entailment
3718	entailment
3719	entailment
3720	entailment
3721	not_entailment
3722	not_entailment
3723	entailment
3724	not_entailment
3725	entailment
3726	entailment
3727	entailment
3728	entailment
3729	entailment
3730	entailment
3731	not_entailment
3732	not_entailment
3733	not_entailment
3734	not_entailment
3735	entailment
3736	entailment
3737	entailment
3738	entailment
3739	not_entailment
3740	entailment
3741	not_entailment
3742	not_entailment
3743	not_entailment
3744	entailment
3745	entailment
3746	not_entailment
3747	entailment
3748	entailment
3749	not_entailment
3750	not_entailment
3751	entailment
3752	entailment
3753	entailment
3754	entailment
3755	entailment
3756	not_entailment
3757	entailment
3758	entailment
3759	entailment
3760	entailment
3761	entailment
3762	not_entailment
3763	entailment
3764	entailment
3765	entailment
3766	not_entailment
3767	entailment
3768	entailment
3769	not_entailment
3770	entailment
3771	entailment
3772	entailment
3773	entailment
3774	not_entailment
3775	not_entailment
3776	not_entailment
3777	entailment
3778	entailment
3779	entailment
3780	entailment
3781	entailment
3782	entailment
3783	entailment
3784	entailment
3785	entailment
3786	entailment
3787	not_entailment
3788	not_entailment
3789	not_entailment
3790	not_entailment
3791	not_entailment
3792	not_entailment
3793	not_entailment
3794	entailment
3795	not_entailment
3796	not_entailment
3797	not_entailment
3798	entailment
3799	not_entailment
3800	entailment
3801	not_entailment
3802	not_entailment
3803	not_entailment
3804	entailment
3805	entailment
3806	entailment
3807	not_entailment
3808	entailment
3809	entailment
3810	entailment
3811	entailment
3812	not_entailment
3813	not_entailment
3814	entailment
3815	not_entailment
3816	entailment
3817	entailment
3818	entailment
3819	entailment
3820	not_entailment
3821	entailment
3822	entailment
3823	not_entailment
3824	entailment
3825	not_entailment
3826	not_entailment
3827	entailment
3828	not_entailment
3829	entailment
3830	entailment
3831	entailment
3832	entailment
3833	entailment
3834	not_entailment
3835	entailment
3836	entailment
3837	not_entailment
3838	not_entailment
3839	entailment
3840	entailment
3841	entailment
3842	entailment
3843	entailment
3844	entailment
3845	not_entailment
3846	entailment
3847	entailment
3848	entailment
3849	entailment
3850	not_entailment
3851	not_entailment
3852	not_entailment
3853	not_entailment
3854	entailment
3855	not_entailment
3856	entailment
3857	not_entailment
3858	entailment
3859	entailment
3860	entailment
3861	not_entailment
3862	entailment
3863	not_entailment
3864	not_entailment
3865	not_entailment
3866	entailment
3867	not_entailment
3868	not_entailment
3869	entailment
3870	entailment
3871	entailment
3872	entailment
3873	entailment
3874	entailment
3875	entailment
3876	entailment
3877	entailment
3878	entailment
3879	entailment
3880	entailment
3881	not_entailment
3882	not_entailment
3883	not_entailment
3884	entailment
3885	entailment
3886	entailment
3887	entailment
3888	entailment
3889	not_entailment
3890	entailment
3891	entailment
3892	entailment
3893	entailment
3894	entailment
3895	not_entailment
3896	not_entailment
3897	not_entailment
3898	not_entailment
3899	entailment
3900	entailment
3901	not_entailment
3902	entailment
3903	entailment
3904	entailment
3905	not_entailment
3906	entailment
3907	entailment
3908	entailment
3909	entailment
3910	entailment
3911	entailment
3912	entailment
3913	entailment
3914	entailment
3915	entailment
3916	not_entailment
3917	not_entailment
3918	not_entailment
3919	entailment
3920	not_entailment
3921	entailment
3922	entailment
3923	entailment
3924	entailment
3925	not_entailment
3926	entailment
3927	entailment
3928	entailment
3929	not_entailment
3930	not_entailment
3931	entailment
3932	entailment
3933	not_entailment
3934	not_entailment
3935	entailment
3936	entailment
3937	not_entailment
3938	entailment
3939	entailment
3940	not_entailment
3941	not_entailment
3942	entailment
3943	entailment
3944	entailment
3945	not_entailment
3946	not_entailment
3947	not_entailment
3948	entailment
3949	entailment
3950	not_entailment
3951	entailment
3952	entailment
3953	entailment
3954	entailment
3955	entailment
3956	not_entailment
3957	entailment
3958	not_entailment
3959	not_entailment
3960	not_entailment
3961	entailment
3962	entailment
3963	entailment
3964	entailment
3965	entailment
3966	not_entailment
3967	entailment
3968	entailment
3969	not_entailment
3970	entailment
3971	not_entailment
3972	entailment
3973	entailment
3974	entailment
3975	entailment
3976	not_entailment
3977	not_entailment
3978	entailment
3979	entailment
3980	entailment
3981	not_entailment
3982	not_entailment
3983	entailment
3984	entailment
3985	not_entailment
3986	entailment
3987	entailment
3988	entailment
3989	not_entailment
3990	entailment
3991	not_entailment
3992	not_entailment
3993	entailment
3994	not_entailment
3995	entailment
3996	not_entailment
3997	entailment
3998	entailment
3999	entailment
4000	entailment
4001	entailment
4002	not_entailment
4003	not_entailment
4004	entailment
4005	not_entailment
4006	entailment
4007	entailment
4008	entailment
4009	not_entailment
4010	entailment
4011	entailment
4012	not_entailment
4013	not_entailment
4014	entailment
4015	entailment
4016	entailment
4017	entailment
4018	not_entailment
4019	entailment
4020	entailment
4021	not_entailment
4022	not_entailment
4023	entailment
4024	not_entailment
4025	entailment
4026	entailment
4027	entailment
4028	entailment
4029	entailment
4030	entailment
4031	entailment
4032	entailment
4033	entailment
4034	entailment
4035	entailment
4036	entailment
4037	entailment
4038	not_entailment
4039	entailment
4040	entailment
4041	not_entailment
4042	entailment
4043	not_entailment
4044	entailment
4045	entailment
4046	entailment
4047	not_entailment
4048	not_entailment
4049	entailment
4050	entailment
4051	entailment
4052	entailment
4053	not_entailment
4054	not_entailment
4055	not_entailment
4056	not_entailment
4057	entailment
4058	entailment
4059	entailment
4060	not_entailment
4061	entailment
4062	entailment
4063	entailment
4064	entailment
4065	entailment
4066	not_entailment
4067	entailment
4068	entailment
4069	entailment
4070	entailment
4071	not_entailment
4072	not_entailment
4073	not_entailment
4074	entailment
4075	entailment
4076	entailment
4077	not_entailment
4078	entailment
4079	entailment
4080	entailment
4081	entailment
4082	entailment
4083	not_entailment
4084	not_entailment
4085	entailment
4086	entailment
4087	not_entailment
4088	not_entailment
4089	entailment
4090	entailment
4091	entailment
4092	entailment
4093	entailment
4094	not_entailment
4095	not_entailment
4096	entailment
4097	entailment
4098	entailment
4099	entailment
4100	entailment
4101	not_entailment
4102	not_entailment
4103	not_entailment
4104	entailment
4105	entailment
4106	entailment
4107	entailment
4108	entailment
4109	not_entailment
4110	entailment
4111	entailment
4112	entailment
4113	entailment
4114	entailment
4115	entailment
4116	not_entailment
4117	not_entailment
4118	not_entailment
4119	entailment
4120	not_entailment
4121	not_entailment
4122	entailment
4123	not_entailment
4124	entailment
4125	entailment
4126	entailment
4127	not_entailment
4128	entailment
4129	entailment
4130	not_entailment
4131	entailment
4132	entailment
4133	entailment
4134	not_entailment
4135	entailment
4136	entailment
4137	entailment
4138	entailment
4139	not_entailment
4140	entailment
4141	entailment
4142	not_entailment
4143	not_entailment
4144	entailment
4145	entailment
4146	not_entailment
4147	entailment
4148	not_entailment
4149	entailment
4150	not_entailment
4151	entailment
4152	not_entailment
4153	not_entailment
4154	entailment
4155	entailment
4156	entailment
4157	entailment
4158	entailment
4159	entailment
4160	entailment
4161	entailment
4162	entailment
4163	not_entailment
4164	not_entailment
4165	entailment
4166	not_entailment
4167	entailment
4168	not_entailment
4169	not_entailment
4170	entailment
4171	entailment
4172	not_entailment
4173	entailment
4174	entailment
4175	not_entailment
4176	not_entailment
4177	not_entailment
4178	not_entailment
4179	entailment
4180	not_entailment
4181	entailment
4182	not_entailment
4183	entailment
4184	entailment
4185	not_entailment
4186	entailment
4187	entailment
4188	not_entailment
4189	entailment
4190	not_entailment
4191	entailment
4192	entailment
4193	not_entailment
4194	not_entailment
4195	not_entailment
4196	entailment
4197	entailment
4198	entailment
4199	entailment
4200	entailment
4201	entailment
4202	entailment
4203	not_entailment
4204	entailment
4205	entailment
4206	entailment
4207	entailment
4208	not_entailment
4209	entailment
4210	not_entailment
4211	not_entailment
4212	entailment
4213	not_entailment
4214	entailment
4215	entailment
4216	entailment
4217	entailment
4218	entailment
4219	entailment
4220	entailment
4221	entailment
4222	not_entailment
4223	not_entailment
4224	not_entailment
4225	not_entailment
4226	not_entailment
4227	entailment
4228	entailment
4229	entailment
4230	not_entailment
4231	not_entailment
4232	not_entailment
4233	entailment
4234	not_entailment
4235	entailment
4236	entailment
4237	not_entailment
4238	not_entailment
4239	not_entailment
4240	entailment
4241	entailment
4242	not_entailment
4243	not_entailment
4244	not_entailment
4245	entailment
4246	entailment
4247	entailment
4248	entailment
4249	entailment
4250	not_entailment
4251	not_entailment
4252	entailment
4253	entailment
4254	entailment
4255	entailment
4256	not_entailment
4257	entailment
4258	not_entailment
4259	not_entailment
4260	not_entailment
4261	entailment
4262	not_entailment
4263	entailment
4264	entailment
4265	entailment
4266	not_entailment
4267	not_entailment
4268	entailment
4269	not_entailment
4270	entailment
4271	entailment
4272	entailment
4273	not_entailment
4274	entailment
4275	not_entailment
4276	not_entailment
4277	entailment
4278	not_entailment
4279	entailment
4280	entailment
4281	not_entailment
4282	entailment
4283	not_entailment
4284	not_entailment
4285	entailment
4286	entailment
4287	entailment
4288	entailment
4289	entailment
4290	not_entailment
4291	not_entailment
4292	not_entailment
4293	entailment
4294	not_entailment
4295	not_entailment
4296	entailment
4297	entailment
4298	entailment
4299	entailment
4300	entailment
4301	entailment
4302	entailment
4303	entailment
4304	entailment
4305	not_entailment
4306	not_entailment
4307	entailment
4308	entailment
4309	entailment
4310	not_entailment
4311	entailment
4312	entailment
4313	not_entailment
4314	entailment
4315	entailment
4316	entailment
4317	not_entailment
4318	not_entailment
4319	entailment
4320	not_entailment
4321	entailment
4322	not_entailment
4323	entailment
4324	not_entailment
4325	not_entailment
4326	not_entailment
4327	entailment
4328	not_entailment
4329	entailment
4330	entailment
4331	not_entailment
4332	not_entailment
4333	entailment
4334	entailment
4335	entailment
4336	not_entailment
4337	not_entailment
4338	not_entailment
4339	not_entailment
4340	entailment
4341	entailment
4342	entailment
4343	entailment
4344	entailment
4345	entailment
4346	not_entailment
4347	entailment
4348	entailment
4349	not_entailment
4350	not_entailment
4351	entailment
4352	not_entailment
4353	entailment
4354	entailment
4355	not_entailment
4356	not_entailment
4357	not_entailment
4358	not_entailment
4359	entailment
4360	entailment
4361	entailment
4362	entailment
4363	not_entailment
4364	not_entailment
4365	not_entailment
4366	not_entailment
4367	entailment
4368	not_entailment
4369	not_entailment
4370	entailment
4371	not_entailment
4372	entailment
4373	entailment
4374	not_entailment
4375	entailment
4376	entailment
4377	entailment
4378	entailment
4379	not_entailment
4380	entailment
4381	not_entailment
4382	not_entailment
4383	not_entailment
4384	entailment
4385	not_entailment
4386	entailment
4387	not_entailment
4388	not_entailment
4389	not_entailment
4390	entailment
4391	not_entailment
4392	not_entailment
4393	entailment
4394	entailment
4395	not_entailment
4396	entailment
4397	entailment
4398	not_entailment
4399	entailment
4400	entailment
4401	entailment
4402	entailment
4403	entailment
4404	entailment
4405	entailment
4406	entailment
4407	entailment
4408	entailment
4409	entailment
4410	entailment
4411	entailment
4412	entailment
4413	not_entailment
4414	entailment
4415	entailment
4416	entailment
4417	not_entailment
4418	entailment
4419	not_entailment
4420	entailment
4421	not_entailment
4422	not_entailment
4423	entailment
4424	not_entailment
4425	entailment
4426	entailment
4427	entailment
4428	not_entailment
4429	entailment
4430	entailment
4431	not_entailment
4432	entailment
4433	not_entailment
4434	entailment
4435	entailment
4436	entailment
4437	not_entailment
4438	entailment
4439	not_entailment
4440	entailment
4441	not_entailment
4442	entailment
4443	not_entailment
4444	entailment
4445	not_entailment
4446	not_entailment
4447	entailment
4448	not_entailment
4449	entailment
4450	entailment
4451	not_entailment
4452	entailment
4453	entailment
4454	entailment
4455	not_entailment
4456	not_entailment
4457	entailment
4458	not_entailment
4459	not_entailment
4460	entailment
4461	not_entailment
4462	entailment
4463	entailment
4464	not_entailment
4465	entailment
4466	entailment
4467	entailment
4468	entailment
4469	not_entailment
4470	not_entailment
4471	not_entailment
4472	entailment
4473	entailment
4474	entailment
4475	not_entailment
4476	not_entailment
4477	entailment
4478	entailment
4479	not_entailment
4480	entailment
4481	entailment
4482	entailment
4483	not_entailment
4484	entailment
4485	not_entailment
4486	entailment
4487	entailment
4488	not_entailment
4489	entailment
4490	entailment
4491	entailment
4492	entailment
4493	entailment
4494	not_entailment
4495	not_entailment
4496	entailment
4497	entailment
4498	entailment
4499	entailment
4500	entailment
4501	entailment
4502	entailment
4503	entailment
4504	not_entailment
4505	entailment
4506	entailment
4507	entailment
4508	entailment
4509	not_entailment
4510	entailment
4511	entailment
4512	not_entailment
4513	entailment
4514	not_entailment
4515	entailment
4516	not_entailment
4517	entailment
4518	entailment
4519	entailment
4520	not_entailment
4521	not_entailment
4522	entailment
4523	not_entailment
4524	entailment
4525	not_entailment
4526	entailment
4527	entailment
4528	entailment
4529	not_entailment
4530	not_entailment
4531	entailment
4532	not_entailment
4533	not_entailment
4534	entailment
4535	not_entailment
4536	entailment
4537	not_entailment
4538	not_entailment
4539	not_entailment
4540	entailment
4541	entailment
4542	entailment
4543	not_entailment
4544	entailment
4545	not_entailment
4546	not_entailment
4547	not_entailment
4548	entailment
4549	not_entailment
4550	not_entailment
4551	entailment
4552	entailment
4553	entailment
4554	not_entailment
4555	entailment
4556	entailment
4557	not_entailment
4558	entailment
4559	not_entailment
4560	not_entailment
4561	entailment
4562	not_entailment
4563	not_entailment
4564	entailment
4565	not_entailment
4566	not_entailment
4567	entailment
4568	not_entailment
4569	entailment
4570	not_entailment
4571	not_entailment
4572	entailment
4573	entailment
4574	entailment
4575	entailment
4576	entailment
4577	not_entailment
4578	entailment
4579	entailment
4580	not_entailment
4581	entailment
4582	entailment
4583	not_entailment
4584	entailment
4585	entailment
4586	entailment
4587	entailment
4588	entailment
4589	entailment
4590	entailment
4591	not_entailment
4592	entailment
4593	entailment
4594	entailment
4595	entailment
4596	not_entailment
4597	entailment
4598	entailment
4599	not_entailment
4600	not_entailment
4601	not_entailment
4602	entailment
4603	entailment
4604	not_entailment
4605	entailment
4606	entailment
4607	entailment
4608	not_entailment
4609	entailment
4610	entailment
4611	entailment
4612	entailment
4613	not_entailment
4614	not_entailment
4615	not_entailment
4616	entailment
4617	not_entailment
4618	not_entailment
4619	entailment
4620	entailment
4621	entailment
4622	entailment
4623	entailment
4624	entailment
4625	entailment
4626	not_entailment
4627	not_entailment
4628	entailment
4629	not_entailment
4630	not_entailment
4631	not_entailment
4632	entailment
4633	entailment
4634	entailment
4635	entailment
4636	entailment
4637	entailment
4638	entailment
4639	entailment
4640	entailment
4641	not_entailment
4642	entailment
4643	entailment
4644	not_entailment
4645	entailment
4646	not_entailment
4647	not_entailment
4648	entailment
4649	entailment
4650	entailment
4651	entailment
4652	not_entailment
4653	entailment
4654	entailment
4655	entailment
4656	not_entailment
4657	entailment
4658	entailment
4659	not_entailment
4660	entailment
4661	entailment
4662	entailment
4663	entailment
4664	entailment
4665	entailment
4666	not_entailment
4667	entailment
4668	entailment
4669	entailment
4670	not_entailment
4671	not_entailment
4672	entailment
4673	entailment
4674	entailment
4675	not_entailment
4676	entailment
4677	not_entailment
4678	entailment
4679	not_entailment
4680	entailment
4681	entailment
4682	not_entailment
4683	not_entailment
4684	entailment
4685	entailment
4686	not_entailment
4687	entailment
4688	entailment
4689	not_entailment
4690	entailment
4691	entailment
4692	entailment
4693	entailment
4694	entailment
4695	not_entailment
4696	entailment
4697	entailment
4698	not_entailment
4699	not_entailment
4700	entailment
4701	not_entailment
4702	not_entailment
4703	entailment
4704	entailment
4705	not_entailment
4706	entailment
4707	entailment
4708	entailment
4709	entailment
4710	entailment
4711	entailment
4712	entailment
4713	entailment
4714	entailment
4715	not_entailment
4716	not_entailment
4717	entailment
4718	entailment
4719	not_entailment
4720	entailment
4721	not_entailment
4722	entailment
4723	entailment
4724	entailment
4725	not_entailment
4726	not_entailment
4727	entailment
4728	entailment
4729	entailment
4730	not_entailment
4731	not_entailment
4732	entailment
4733	entailment
4734	entailment
4735	entailment
4736	entailment
4737	entailment
4738	entailment
4739	not_entailment
4740	not_entailment
4741	not_entailment
4742	not_entailment
4743	not_entailment
4744	not_entailment
4745	not_entailment
4746	entailment
4747	entailment
4748	not_entailment
4749	entailment
4750	entailment
4751	not_entailment
4752	entailment
4753	entailment
4754	not_entailment
4755	not_entailment
4756	not_entailment
4757	not_entailment
4758	not_entailment
4759	not_entailment
4760	entailment
4761	entailment
4762	entailment
4763	not_entailment
4764	entailment
4765	not_entailment
4766	entailment
4767	entailment
4768	entailment
4769	entailment
4770	entailment
4771	entailment
4772	entailment
4773	entailment
4774	entailment
4775	not_entailment
4776	entailment
4777	entailment
4778	not_entailment
4779	entailment
4780	entailment
4781	entailment
4782	entailment
4783	entailment
4784	entailment
4785	not_entailment
4786	entailment
4787	entailment
4788	entailment
4789	entailment
4790	entailment
4791	entailment
4792	entailment
4793	entailment
4794	entailment
4795	entailment
4796	entailment
4797	entailment
4798	entailment
4799	entailment
4800	not_entailment
4801	entailment
4802	not_entailment
4803	entailment
4804	not_entailment
4805	entailment
4806	not_entailment
4807	entailment
4808	not_entailment
4809	entailment
4810	not_entailment
4811	entailment
4812	not_entailment
4813	entailment
4814	not_entailment
4815	not_entailment
4816	entailment
4817	entailment
4818	not_entailment
4819	entailment
4820	not_entailment
4821	entailment
4822	entailment
4823	entailment
4824	not_entailment
4825	entailment
4826	entailment
4827	not_entailment
4828	entailment
4829	entailment
4830	not_entailment
4831	entailment
4832	entailment
4833	entailment
4834	entailment
4835	not_entailment
4836	not_entailment
4837	not_entailment
4838	not_entailment
4839	entailment
4840	entailment
4841	not_entailment
4842	not_entailment
4843	entailment
4844	entailment
4845	entailment
4846	entailment
4847	entailment
4848	not_entailment
4849	entailment
4850	entailment
4851	entailment
4852	not_entailment
4853	entailment
4854	not_entailment
4855	entailment
4856	not_entailment
4857	not_entailment
4858	not_entailment
4859	entailment
4860	not_entailment
4861	not_entailment
4862	entailment
4863	not_entailment
4864	not_entailment
4865	entailment
4866	not_entailment
4867	entailment
4868	entailment
4869	entailment
4870	entailment
4871	entailment
4872	not_entailment
4873	not_entailment
4874	entailment
4875	not_entailment
4876	entailment
4877	entailment
4878	entailment
4879	not_entailment
4880	not_entailment
4881	not_entailment
4882	entailment
4883	entailment
4884	entailment
4885	not_entailment
4886	entailment
4887	not_entailment
4888	entailment
4889	entailment
4890	not_entailment
4891	not_entailment
4892	entailment
4893	entailment
4894	not_entailment
4895	not_entailment
4896	entailment
4897	entailment
4898	entailment
4899	entailment
4900	not_entailment
4901	entailment
4902	not_entailment
4903	not_entailment
4904	entailment
4905	not_entailment
4906	entailment
4907	entailment
4908	entailment
4909	entailment
4910	entailment
4911	entailment
4912	entailment
4913	not_entailment
4914	entailment
4915	entailment
4916	not_entailment
4917	entailment
4918	not_entailment
4919	entailment
4920	not_entailment
4921	not_entailment
4922	not_entailment
4923	entailment
4924	not_entailment
4925	entailment
4926	not_entailment
4927	not_entailment
4928	entailment
4929	entailment
4930	not_entailment
4931	not_entailment
4932	not_entailment
4933	entailment
4934	entailment
4935	entailment
4936	not_entailment
4937	entailment
4938	not_entailment
4939	not_entailment
4940	entailment
4941	not_entailment
4942	entailment
4943	entailment
4944	entailment
4945	not_entailment
4946	entailment
4947	not_entailment
4948	entailment
4949	not_entailment
4950	entailment
4951	not_entailment
4952	not_entailment
4953	not_entailment
4954	not_entailment
4955	entailment
4956	entailment
4957	not_entailment
4958	not_entailment
4959	entailment
4960	entailment
4961	entailment
4962	entailment
4963	entailment
4964	entailment
4965	not_entailment
4966	not_entailment
4967	entailment
4968	entailment
4969	not_entailment
4970	entailment
4971	not_entailment
4972	entailment
4973	entailment
4974	not_entailment
4975	entailment
4976	entailment
4977	entailment
4978	not_entailment
4979	not_entailment
4980	entailment
4981	entailment
4982	entailment
4983	not_entailment
4984	not_entailment
4985	not_entailment
4986	entailment
4987	entailment
4988	entailment
4989	entailment
4990	entailment
4991	entailment
4992	entailment
4993	entailment
4994	entailment
4995	entailment
4996	entailment
4997	entailment
4998	entailment
4999	not_entailment
5000	entailment
5001	entailment
5002	entailment
5003	entailment
5004	not_entailment
5005	not_entailment
5006	not_entailment
5007	not_entailment
5008	entailment
5009	not_entailment
5010	entailment
5011	not_entailment
5012	not_entailment
5013	not_entailment
5014	entailment
5015	not_entailment
5016	entailment
5017	not_entailment
5018	not_entailment
5019	entailment
5020	not_entailment
5021	entailment
5022	entailment
5023	not_entailment
5024	not_entailment
5025	not_entailment
5026	not_entailment
5027	entailment
5028	not_entailment
5029	entailment
5030	entailment
5031	not_entailment
5032	entailment
5033	not_entailment
5034	entailment
5035	not_entailment
5036	not_entailment
5037	entailment
5038	entailment
5039	not_entailment
5040	entailment
5041	entailment
5042	entailment
5043	not_entailment
5044	not_entailment
5045	not_entailment
5046	not_entailment
5047	entailment
5048	not_entailment
5049	entailment
5050	entailment
5051	entailment
5052	entailment
5053	not_entailment
5054	entailment
5055	not_entailment
5056	not_entailment
5057	not_entailment
5058	entailment
5059	entailment
5060	not_entailment
5061	not_entailment
5062	entailment
5063	entailment
5064	entailment
5065	entailment
5066	entailment
5067	not_entailment
5068	entailment
5069	entailment
5070	entailment
5071	entailment
5072	not_entailment
5073	not_entailment
5074	entailment
5075	entailment
5076	entailment
5077	not_entailment
5078	entailment
5079	entailment
5080	entailment
5081	entailment
5082	entailment
5083	not_entailment
5084	entailment
5085	entailment
5086	entailment
5087	entailment
5088	entailment
5089	entailment
5090	entailment
5091	not_entailment
5092	not_entailment
5093	entailment
5094	not_entailment
5095	not_entailment
5096	entailment
5097	entailment
5098	entailment
5099	entailment
5100	not_entailment
5101	not_entailment
5102	entailment
5103	entailment
5104	entailment
5105	not_entailment
5106	entailment
5107	entailment
5108	not_entailment
5109	entailment
5110	entailment
5111	entailment
5112	not_entailment
5113	entailment
5114	not_entailment
5115	entailment
5116	entailment
5117	entailment
5118	not_entailment
5119	entailment
5120	entailment
5121	entailment
5122	not_entailment
5123	entailment
5124	not_entailment
5125	entailment
5126	entailment
5127	entailment
5128	not_entailment
5129	not_entailment
5130	entailment
5131	entailment
5132	not_entailment
5133	entailment
5134	entailment
5135	entailment
5136	not_entailment
5137	entailment
5138	entailment
5139	entailment
5140	not_entailment
5141	not_entailment
5142	not_entailment
5143	not_entailment
5144	entailment
5145	entailment
5146	not_entailment
5147	entailment
5148	entailment
5149	not_entailment
5150	not_entailment
5151	entailment
5152	not_entailment
5153	entailment
5154	entailment
5155	entailment
5156	entailment
5157	entailment
5158	entailment
5159	not_entailment
5160	entailment
5161	not_entailment
5162	entailment
5163	entailment
5164	entailment
5165	not_entailment
5166	entailment
5167	entailment
5168	not_entailment
5169	entailment
5170	not_entailment
5171	entailment
5172	entailment
5173	not_entailment
5174	entailment
5175	not_entailment
5176	entailment
5177	not_entailment
5178	not_entailment
5179	entailment
5180	entailment
5181	entailment
5182	entailment
5183	entailment
5184	entailment
5185	not_entailment
5186	entailment
5187	not_entailment
5188	entailment
5189	not_entailment
5190	entailment
5191	entailment
5192	entailment
5193	not_entailment
5194	entailment
5195	not_entailment
5196	entailment
5197	entailment
5198	not_entailment
5199	entailment
5200	not_entailment
5201	entailment
5202	not_entailment
5203	entailment
5204	not_entailment
5205	not_entailment
5206	not_entailment
5207	entailment
5208	not_entailment
5209	entailment
5210	not_entailment
5211	entailment
5212	not_entailment
5213	not_entailment
5214	not_entailment
5215	entailment
5216	not_entailment
5217	entailment
5218	entailment
5219	not_entailment
5220	entailment
5221	not_entailment
5222	entailment
5223	entailment
5224	not_entailment
5225	entailment
5226	not_entailment
5227	entailment
5228	entailment
5229	not_entailment
5230	entailment
5231	entailment
5232	not_entailment
5233	entailment
5234	not_entailment
5235	entailment
5236	not_entailment
5237	entailment
5238	not_entailment
5239	entailment
5240	not_entailment
5241	entailment
5242	not_entailment
5243	not_entailment
5244	entailment
5245	entailment
5246	not_entailment
5247	entailment
5248	entailment
5249	entailment
5250	not_entailment
5251	entailment
5252	entailment
5253	entailment
5254	entailment
5255	not_entailment
5256	not_entailment
5257	not_entailment
5258	entailment
5259	entailment
5260	entailment
5261	not_entailment
5262	entailment
5263	entailment
5264	entailment
5265	entailment
5266	not_entailment
5267	entailment
5268	not_entailment
5269	not_entailment
5270	entailment
5271	not_entailment
5272	entailment
5273	entailment
5274	entailment
5275	not_entailment
5276	entailment
5277	not_entailment
5278	entailment
5279	entailment
5280	not_entailment
5281	entailment
5282	entailment
5283	not_entailment
5284	entailment
5285	not_entailment
5286	not_entailment
5287	entailment
5288	entailment
5289	not_entailment
5290	entailment
5291	entailment
5292	not_entailment
5293	not_entailment
5294	not_entailment
5295	not_entailment
5296	entailment
5297	entailment
5298	not_entailment
5299	entailment
5300	entailment
5301	entailment
5302	not_entailment
5303	entailment
5304	entailment
5305	not_entailment
5306	entailment
5307	entailment
5308	not_entailment
5309	entailment
5310	not_entailment
5311	entailment
5312	entailment
5313	not_entailment
5314	not_entailment
5315	not_entailment
5316	not_entailment
5317	entailment
5318	entailment
5319	not_entailment
5320	entailment
5321	entailment
5322	not_entailment
5323	not_entailment
5324	entailment
5325	entailment
5326	entailment
5327	entailment
5328	entailment
5329	not_entailment
5330	entailment
5331	not_entailment
5332	entailment
5333	entailment
5334	entailment
5335	entailment
5336	entailment
5337	entailment
5338	not_entailment
5339	not_entailment
5340	entailment
5341	entailment
5342	not_entailment
5343	not_entailment
5344	entailment
5345	not_entailment
5346	not_entailment
5347	not_entailment
5348	entailment
5349	entailment
5350	not_entailment
5351	not_entailment
5352	not_entailment
5353	entailment
5354	entailment
5355	entailment
5356	entailment
5357	not_entailment
5358	entailment
5359	not_entailment
5360	not_entailment
5361	entailment
5362	not_entailment
5363	not_entailment
5364	entailment
5365	not_entailment
5366	entailment
5367	entailment
5368	entailment
5369	entailment
5370	entailment
5371	not_entailment
5372	entailment
5373	not_entailment
5374	not_entailment
5375	not_entailment
5376	entailment
5377	entailment
5378	entailment
5379	not_entailment
5380	entailment
5381	entailment
5382	entailment
5383	not_entailment
5384	entailment
5385	entailment
5386	entailment
5387	entailment
5388	entailment
5389	not_entailment
5390	not_entailment
5391	not_entailment
5392	not_entailment
5393	not_entailment
5394	entailment
5395	entailment
5396	entailment
5397	not_entailment
5398	entailment
5399	not_entailment
5400	entailment
5401	not_entailment
5402	entailment
5403	entailment
5404	not_entailment
5405	entailment
5406	entailment
5407	entailment
5408	not_entailment
5409	entailment
5410	entailment
5411	entailment
5412	entailment
5413	not_entailment
5414	entailment
5415	not_entailment
5416	entailment
5417	entailment
5418	not_entailment
5419	not_entailment
5420	entailment
5421	entailment
5422	not_entailment
5423	entailment
5424	entailment
5425	entailment
5426	entailment
5427	entailment
5428	entailment
5429	entailment
5430	entailment
5431	not_entailment
5432	entailment
5433	entailment
5434	entailment
5435	not_entailment
5436	entailment
5437	not_entailment
5438	not_entailment
5439	entailment
5440	not_entailment
5441	not_entailment
5442	not_entailment
5443	entailment
5444	entailment
5445	not_entailment
5446	not_entailment
5447	entailment
5448	entailment
5449	entailment
5450	not_entailment
5451	entailment
5452	not_entailment
5453	entailment
5454	not_entailment
5455	not_entailment
5456	entailment
5457	not_entailment
5458	not_entailment
5459	not_entailment
5460	entailment
5461	not_entailment
5462	entailment
