index	prediction
0	neutral
1	neutral
2	entailment
3	entailment
4	entailment
5	entailment
6	entailment
7	entailment
8	entailment
9	entailment
10	neutral
11	neutral
12	contradiction
13	contradiction
14	contradiction
15	contradiction
16	contradiction
17	contradiction
18	contradiction
19	contradiction
20	entailment
21	entailment
22	entailment
23	entailment
24	neutral
25	neutral
26	entailment
27	entailment
28	contradiction
29	contradiction
30	entailment
31	entailment
32	entailment
33	entailment
34	entailment
35	entailment
36	neutral
37	neutral
38	entailment
39	entailment
40	entailment
41	entailment
42	entailment
43	entailment
44	entailment
45	entailment
46	entailment
47	entailment
48	entailment
49	entailment
50	entailment
51	entailment
52	entailment
53	neutral
54	entailment
55	entailment
56	contradiction
57	contradiction
58	contradiction
59	contradiction
60	contradiction
61	contradiction
62	contradiction
63	contradiction
64	contradiction
65	contradiction
66	entailment
67	entailment
68	contradiction
69	neutral
70	contradiction
71	neutral
72	entailment
73	entailment
74	entailment
75	entailment
76	entailment
77	entailment
78	entailment
79	entailment
80	entailment
81	entailment
82	contradiction
83	contradiction
84	neutral
85	neutral
86	entailment
87	entailment
88	entailment
89	entailment
90	contradiction
91	contradiction
92	contradiction
93	contradiction
94	contradiction
95	contradiction
96	contradiction
97	contradiction
98	neutral
99	neutral
100	neutral
101	neutral
102	entailment
103	entailment
104	entailment
105	entailment
106	entailment
107	entailment
108	neutral
109	entailment
110	neutral
111	entailment
112	entailment
113	entailment
114	entailment
115	entailment
116	entailment
117	entailment
118	entailment
119	entailment
120	contradiction
121	contradiction
122	contradiction
123	contradiction
124	entailment
125	entailment
126	entailment
127	entailment
128	entailment
129	entailment
130	contradiction
131	entailment
132	contradiction
133	entailment
134	contradiction
135	contradiction
136	contradiction
137	contradiction
138	contradiction
139	contradiction
140	contradiction
141	contradiction
142	contradiction
143	contradiction
144	neutral
145	neutral
146	neutral
147	neutral
148	neutral
149	neutral
150	neutral
151	neutral
152	neutral
153	neutral
154	neutral
155	neutral
156	neutral
157	neutral
158	contradiction
159	contradiction
160	contradiction
161	contradiction
162	contradiction
163	contradiction
164	entailment
165	neutral
166	entailment
167	entailment
168	entailment
169	entailment
170	entailment
171	entailment
172	entailment
173	entailment
174	entailment
175	entailment
176	entailment
177	entailment
178	entailment
179	entailment
180	entailment
181	entailment
182	neutral
183	neutral
184	entailment
185	contradiction
186	entailment
187	contradiction
188	entailment
189	entailment
190	contradiction
191	entailment
192	neutral
193	neutral
194	entailment
195	contradiction
196	entailment
197	neutral
198	contradiction
199	entailment
200	entailment
201	entailment
202	entailment
203	entailment
204	entailment
205	entailment
206	entailment
207	entailment
208	neutral
209	neutral
210	contradiction
211	contradiction
212	neutral
213	neutral
214	entailment
215	entailment
216	entailment
217	entailment
218	entailment
219	entailment
220	entailment
221	neutral
222	neutral
223	entailment
224	entailment
225	contradiction
226	entailment
227	entailment
228	contradiction
229	entailment
230	contradiction
231	entailment
232	contradiction
233	contradiction
234	contradiction
235	contradiction
236	contradiction
237	contradiction
238	contradiction
239	contradiction
240	entailment
241	entailment
242	entailment
243	entailment
244	entailment
245	entailment
246	entailment
247	entailment
248	contradiction
249	contradiction
250	contradiction
251	contradiction
252	contradiction
253	contradiction
254	contradiction
255	contradiction
256	entailment
257	entailment
258	entailment
259	entailment
260	entailment
261	entailment
262	entailment
263	entailment
264	contradiction
265	contradiction
266	contradiction
267	contradiction
268	contradiction
269	contradiction
270	contradiction
271	contradiction
272	entailment
273	entailment
274	entailment
275	entailment
276	contradiction
277	neutral
278	neutral
279	neutral
280	neutral
281	neutral
282	neutral
283	neutral
284	entailment
285	neutral
286	neutral
287	entailment
288	contradiction
289	contradiction
290	entailment
291	contradiction
292	neutral
293	neutral
294	neutral
295	neutral
296	neutral
297	neutral
298	entailment
299	entailment
300	entailment
301	entailment
302	entailment
303	entailment
304	entailment
305	entailment
306	neutral
307	neutral
308	neutral
309	neutral
310	contradiction
311	contradiction
312	entailment
313	contradiction
314	contradiction
315	contradiction
316	contradiction
317	contradiction
318	neutral
319	entailment
320	neutral
321	entailment
322	entailment
323	entailment
324	entailment
325	entailment
326	entailment
327	entailment
328	entailment
329	entailment
330	contradiction
331	entailment
332	entailment
333	neutral
334	neutral
335	neutral
336	neutral
337	neutral
338	neutral
339	neutral
340	neutral
341	neutral
342	contradiction
343	neutral
344	neutral
345	neutral
346	contradiction
347	contradiction
348	contradiction
349	contradiction
350	contradiction
351	contradiction
352	contradiction
353	contradiction
354	neutral
355	entailment
356	neutral
357	entailment
358	neutral
359	entailment
360	neutral
361	entailment
362	neutral
363	entailment
364	neutral
365	entailment
366	contradiction
367	entailment
368	contradiction
369	entailment
370	contradiction
371	entailment
372	contradiction
373	entailment
374	entailment
375	contradiction
376	contradiction
377	contradiction
378	contradiction
379	contradiction
380	entailment
381	contradiction
382	contradiction
383	neutral
384	entailment
385	contradiction
386	entailment
387	entailment
388	neutral
389	entailment
390	contradiction
391	entailment
392	contradiction
393	entailment
394	contradiction
395	entailment
396	contradiction
397	contradiction
398	contradiction
399	contradiction
400	contradiction
401	contradiction
402	contradiction
403	neutral
404	contradiction
405	neutral
406	contradiction
407	contradiction
408	contradiction
409	contradiction
410	contradiction
411	contradiction
412	contradiction
413	contradiction
414	contradiction
415	contradiction
416	contradiction
417	contradiction
418	contradiction
419	contradiction
420	entailment
421	entailment
422	entailment
423	entailment
424	entailment
425	entailment
426	entailment
427	entailment
428	entailment
429	entailment
430	contradiction
431	entailment
432	contradiction
433	neutral
434	neutral
435	neutral
436	entailment
437	entailment
438	entailment
439	entailment
440	contradiction
441	contradiction
442	contradiction
443	contradiction
444	contradiction
445	contradiction
446	neutral
447	neutral
448	entailment
449	entailment
450	neutral
451	neutral
452	neutral
453	neutral
454	entailment
455	entailment
456	entailment
457	entailment
458	entailment
459	entailment
460	entailment
461	neutral
462	entailment
463	neutral
464	contradiction
465	contradiction
466	contradiction
467	contradiction
468	entailment
469	entailment
470	entailment
471	entailment
472	entailment
473	entailment
474	entailment
475	entailment
476	neutral
477	neutral
478	contradiction
479	contradiction
480	contradiction
481	contradiction
482	contradiction
483	contradiction
484	contradiction
485	contradiction
486	contradiction
487	contradiction
488	contradiction
489	contradiction
490	neutral
491	neutral
492	neutral
493	neutral
494	contradiction
495	contradiction
496	entailment
497	entailment
498	entailment
499	entailment
500	entailment
501	entailment
502	entailment
503	entailment
504	entailment
505	contradiction
506	entailment
507	entailment
508	entailment
509	entailment
510	entailment
511	entailment
512	entailment
513	entailment
514	entailment
515	contradiction
516	contradiction
517	contradiction
518	entailment
519	contradiction
520	entailment
521	entailment
522	entailment
523	entailment
524	entailment
525	entailment
526	neutral
527	neutral
528	contradiction
529	contradiction
530	entailment
531	neutral
532	neutral
533	neutral
534	contradiction
535	contradiction
536	contradiction
537	contradiction
538	entailment
539	entailment
540	entailment
541	entailment
542	contradiction
543	contradiction
544	contradiction
545	contradiction
546	entailment
547	entailment
548	entailment
549	entailment
550	contradiction
551	contradiction
552	entailment
553	neutral
554	entailment
555	neutral
556	neutral
557	neutral
558	entailment
559	entailment
560	neutral
561	contradiction
562	neutral
563	neutral
564	contradiction
565	neutral
566	entailment
567	neutral
568	entailment
569	entailment
570	entailment
571	entailment
572	entailment
573	entailment
574	entailment
575	entailment
576	contradiction
577	contradiction
578	contradiction
579	contradiction
580	contradiction
581	contradiction
582	entailment
583	contradiction
584	contradiction
585	contradiction
586	entailment
587	entailment
588	entailment
589	entailment
590	entailment
591	entailment
592	entailment
593	entailment
594	entailment
595	entailment
596	entailment
597	entailment
598	contradiction
599	contradiction
600	contradiction
601	contradiction
602	contradiction
603	contradiction
604	contradiction
605	contradiction
606	contradiction
607	contradiction
608	contradiction
609	neutral
610	contradiction
611	neutral
612	neutral
613	contradiction
614	entailment
615	contradiction
616	contradiction
617	contradiction
618	contradiction
619	contradiction
620	contradiction
621	contradiction
622	contradiction
623	contradiction
624	contradiction
625	contradiction
626	contradiction
627	contradiction
628	contradiction
629	contradiction
630	contradiction
631	contradiction
632	contradiction
633	contradiction
634	contradiction
635	contradiction
636	contradiction
637	contradiction
638	neutral
639	neutral
640	neutral
641	neutral
642	neutral
643	neutral
644	neutral
645	neutral
646	neutral
647	neutral
648	entailment
649	entailment
650	entailment
651	entailment
652	entailment
653	entailment
654	entailment
655	entailment
656	entailment
657	entailment
658	entailment
659	entailment
660	entailment
661	entailment
662	entailment
663	entailment
664	neutral
665	entailment
666	contradiction
667	contradiction
668	entailment
669	entailment
670	contradiction
671	contradiction
672	entailment
673	entailment
674	neutral
675	neutral
676	entailment
677	entailment
678	entailment
679	entailment
680	entailment
681	entailment
682	entailment
683	entailment
684	entailment
685	entailment
686	contradiction
687	contradiction
688	contradiction
689	contradiction
690	neutral
691	contradiction
692	neutral
693	contradiction
694	contradiction
695	contradiction
696	entailment
697	neutral
698	entailment
699	neutral
700	neutral
701	neutral
702	contradiction
703	contradiction
704	contradiction
705	contradiction
706	contradiction
707	contradiction
708	entailment
709	entailment
710	entailment
711	neutral
712	entailment
713	neutral
714	entailment
715	entailment
716	entailment
717	entailment
718	entailment
719	neutral
720	neutral
721	neutral
722	entailment
723	entailment
724	neutral
725	entailment
726	neutral
727	entailment
728	contradiction
729	contradiction
730	neutral
731	neutral
732	neutral
733	neutral
734	entailment
735	entailment
736	entailment
737	entailment
738	entailment
739	entailment
740	entailment
741	entailment
742	entailment
743	entailment
744	entailment
745	entailment
746	entailment
747	entailment
748	entailment
749	entailment
750	entailment
751	entailment
752	entailment
753	entailment
754	entailment
755	contradiction
756	entailment
757	contradiction
758	contradiction
759	contradiction
760	contradiction
761	contradiction
762	entailment
763	contradiction
764	entailment
765	entailment
766	entailment
767	entailment
768	entailment
769	entailment
770	entailment
771	entailment
772	entailment
773	entailment
774	contradiction
775	contradiction
776	contradiction
777	contradiction
778	contradiction
779	contradiction
780	neutral
781	neutral
782	entailment
783	entailment
784	entailment
785	entailment
786	contradiction
787	contradiction
788	contradiction
789	contradiction
790	contradiction
791	contradiction
792	contradiction
793	contradiction
794	contradiction
795	contradiction
796	neutral
797	entailment
798	entailment
799	entailment
800	entailment
801	entailment
802	entailment
803	entailment
804	neutral
805	neutral
806	neutral
807	neutral
808	contradiction
809	contradiction
810	contradiction
811	contradiction
812	neutral
813	contradiction
814	neutral
815	neutral
816	neutral
817	neutral
818	neutral
819	neutral
820	neutral
821	neutral
822	neutral
823	neutral
824	entailment
825	contradiction
826	entailment
827	contradiction
828	neutral
829	neutral
830	neutral
831	neutral
832	entailment
833	entailment
834	entailment
835	entailment
836	entailment
837	entailment
838	neutral
839	neutral
840	neutral
841	neutral
842	entailment
843	entailment
844	entailment
845	entailment
846	neutral
847	contradiction
848	entailment
849	contradiction
850	neutral
851	neutral
852	neutral
853	neutral
854	contradiction
855	contradiction
856	contradiction
857	contradiction
858	neutral
859	neutral
860	neutral
861	neutral
862	neutral
863	neutral
864	neutral
865	neutral
866	neutral
867	neutral
868	entailment
869	entailment
870	entailment
871	entailment
872	entailment
873	entailment
874	neutral
875	contradiction
876	entailment
877	entailment
878	contradiction
879	contradiction
880	neutral
881	neutral
882	entailment
883	entailment
884	entailment
885	entailment
886	contradiction
887	contradiction
888	contradiction
889	contradiction
890	entailment
891	entailment
892	entailment
893	entailment
894	entailment
895	entailment
896	entailment
897	entailment
898	entailment
899	entailment
900	contradiction
901	contradiction
902	entailment
903	entailment
904	entailment
905	entailment
906	entailment
907	entailment
908	entailment
909	entailment
910	neutral
911	neutral
912	neutral
913	neutral
914	entailment
915	entailment
916	entailment
917	entailment
918	contradiction
919	contradiction
920	contradiction
921	contradiction
922	entailment
923	entailment
924	contradiction
925	contradiction
926	contradiction
927	contradiction
928	entailment
929	entailment
930	entailment
931	entailment
932	contradiction
933	contradiction
934	contradiction
935	contradiction
936	contradiction
937	contradiction
938	entailment
939	entailment
940	contradiction
941	contradiction
942	contradiction
943	contradiction
944	neutral
945	neutral
946	neutral
947	neutral
948	neutral
949	neutral
950	entailment
951	entailment
952	entailment
953	entailment
954	entailment
955	entailment
956	entailment
957	entailment
958	entailment
959	entailment
960	neutral
961	neutral
962	neutral
963	neutral
964	neutral
965	neutral
966	neutral
967	neutral
968	contradiction
969	contradiction
970	contradiction
971	contradiction
972	contradiction
973	contradiction
974	contradiction
975	contradiction
976	contradiction
977	contradiction
978	neutral
979	contradiction
980	contradiction
981	contradiction
982	contradiction
983	contradiction
984	neutral
985	neutral
986	neutral
987	neutral
988	neutral
989	neutral
990	entailment
991	neutral
992	contradiction
993	contradiction
994	contradiction
995	contradiction
996	contradiction
997	contradiction
998	neutral
999	contradiction
1000	contradiction
1001	contradiction
1002	contradiction
1003	contradiction
1004	entailment
1005	contradiction
1006	contradiction
1007	contradiction
1008	contradiction
1009	contradiction
1010	contradiction
1011	entailment
1012	contradiction
1013	entailment
1014	entailment
1015	entailment
1016	entailment
1017	contradiction
1018	neutral
1019	neutral
1020	neutral
1021	neutral
1022	contradiction
1023	entailment
1024	contradiction
1025	entailment
1026	contradiction
1027	entailment
1028	entailment
1029	contradiction
1030	entailment
1031	contradiction
1032	entailment
1033	contradiction
1034	entailment
1035	contradiction
1036	contradiction
1037	contradiction
1038	contradiction
1039	contradiction
1040	contradiction
1041	contradiction
1042	contradiction
1043	contradiction
1044	neutral
1045	neutral
1046	neutral
1047	neutral
1048	neutral
1049	neutral
1050	neutral
1051	neutral
1052	contradiction
1053	contradiction
1054	neutral
1055	neutral
1056	neutral
1057	neutral
1058	neutral
1059	neutral
1060	entailment
1061	entailment
1062	contradiction
1063	contradiction
1064	contradiction
1065	contradiction
1066	contradiction
1067	contradiction
1068	contradiction
1069	contradiction
1070	contradiction
1071	contradiction
1072	contradiction
1073	contradiction
1074	entailment
1075	entailment
1076	entailment
1077	entailment
1078	entailment
1079	entailment
1080	entailment
1081	entailment
1082	entailment
1083	entailment
1084	entailment
1085	entailment
1086	neutral
1087	neutral
1088	neutral
1089	neutral
1090	contradiction
1091	contradiction
1092	entailment
1093	entailment
1094	entailment
1095	entailment
1096	entailment
1097	entailment
1098	contradiction
1099	entailment
1100	neutral
1101	entailment
1102	neutral
1103	entailment
