index	prediction
0	contradiction
1	contradiction
2	neutral
3	contradiction
4	contradiction
5	neutral
6	contradiction
7	neutral
8	contradiction
9	neutral
10	neutral
11	contradiction
12	entailment
13	contradiction
14	entailment
15	neutral
16	neutral
17	neutral
18	neutral
19	neutral
20	entailment
21	contradiction
22	contradiction
23	contradiction
24	neutral
25	contradiction
26	contradiction
27	entailment
28	entailment
29	contradiction
30	neutral
31	neutral
32	neutral
33	neutral
34	neutral
35	neutral
36	contradiction
37	neutral
38	contradiction
39	entailment
40	entailment
41	entailment
42	neutral
43	neutral
44	contradiction
45	contradiction
46	neutral
47	neutral
48	neutral
49	neutral
50	neutral
51	entailment
52	neutral
53	neutral
54	entailment
55	entailment
56	neutral
57	neutral
58	neutral
59	neutral
60	neutral
61	neutral
62	neutral
63	neutral
64	neutral
65	neutral
66	entailment
67	entailment
68	contradiction
69	neutral
70	contradiction
71	neutral
72	entailment
73	entailment
74	contradiction
75	contradiction
76	contradiction
77	contradiction
78	neutral
79	neutral
80	contradiction
81	neutral
82	entailment
83	neutral
84	entailment
85	entailment
86	neutral
87	neutral
88	entailment
89	neutral
90	neutral
91	neutral
92	contradiction
93	neutral
94	entailment
95	entailment
96	entailment
97	entailment
98	neutral
99	neutral
100	neutral
101	neutral
102	entailment
103	entailment
104	entailment
105	entailment
106	entailment
107	entailment
108	entailment
109	entailment
110	entailment
111	entailment
112	entailment
113	entailment
114	entailment
115	entailment
116	entailment
117	entailment
118	contradiction
119	entailment
120	neutral
121	neutral
122	neutral
123	neutral
124	neutral
125	entailment
126	entailment
127	entailment
128	entailment
129	entailment
130	entailment
131	neutral
132	entailment
133	neutral
134	entailment
135	entailment
136	entailment
137	entailment
138	entailment
139	entailment
140	entailment
141	entailment
142	entailment
143	entailment
144	entailment
145	neutral
146	entailment
147	neutral
148	entailment
149	entailment
150	entailment
151	entailment
152	entailment
153	entailment
154	entailment
155	neutral
156	neutral
157	neutral
158	contradiction
159	neutral
160	contradiction
161	neutral
162	neutral
163	contradiction
164	entailment
165	neutral
166	neutral
167	neutral
168	neutral
169	neutral
170	neutral
171	neutral
172	neutral
173	neutral
174	neutral
175	neutral
176	neutral
177	neutral
178	entailment
179	entailment
180	entailment
181	entailment
182	neutral
183	neutral
184	entailment
185	entailment
186	neutral
187	neutral
188	neutral
189	entailment
190	entailment
191	entailment
192	entailment
193	entailment
194	entailment
195	entailment
196	entailment
197	entailment
198	entailment
199	entailment
200	neutral
201	contradiction
202	neutral
203	contradiction
204	neutral
205	contradiction
206	entailment
207	neutral
208	entailment
209	entailment
210	entailment
211	entailment
212	neutral
213	neutral
214	neutral
215	neutral
216	contradiction
217	contradiction
218	contradiction
219	contradiction
220	entailment
221	entailment
222	neutral
223	neutral
224	entailment
225	neutral
226	entailment
227	neutral
228	entailment
229	entailment
230	entailment
231	entailment
232	entailment
233	entailment
234	entailment
235	entailment
236	entailment
237	entailment
238	entailment
239	entailment
240	entailment
241	entailment
242	entailment
243	entailment
244	entailment
245	entailment
246	entailment
247	entailment
248	neutral
249	neutral
250	neutral
251	neutral
252	neutral
253	neutral
254	entailment
255	neutral
256	contradiction
257	neutral
258	entailment
259	neutral
260	neutral
261	entailment
262	entailment
263	neutral
264	entailment
265	entailment
266	entailment
267	entailment
268	entailment
269	neutral
270	contradiction
271	entailment
272	entailment
273	neutral
274	entailment
275	neutral
276	entailment
277	contradiction
278	neutral
279	contradiction
280	entailment
281	contradiction
282	entailment
283	contradiction
284	neutral
285	neutral
286	neutral
287	neutral
288	entailment
289	entailment
290	entailment
291	entailment
292	neutral
293	neutral
294	neutral
295	neutral
296	contradiction
297	neutral
298	contradiction
299	contradiction
300	contradiction
301	contradiction
302	entailment
303	entailment
304	entailment
305	entailment
306	neutral
307	neutral
308	neutral
309	neutral
310	entailment
311	entailment
312	neutral
313	entailment
314	entailment
315	neutral
316	neutral
317	entailment
318	neutral
319	neutral
320	entailment
321	neutral
322	contradiction
323	entailment
324	entailment
325	entailment
326	entailment
327	entailment
328	entailment
329	entailment
330	contradiction
331	entailment
332	entailment
333	entailment
334	entailment
335	entailment
336	entailment
337	contradiction
338	neutral
339	contradiction
340	entailment
341	entailment
342	entailment
343	entailment
344	entailment
345	entailment
346	entailment
347	entailment
348	entailment
349	entailment
350	entailment
351	entailment
352	entailment
353	entailment
354	neutral
355	neutral
356	contradiction
357	contradiction
358	neutral
359	neutral
360	contradiction
361	contradiction
362	neutral
363	neutral
364	contradiction
365	contradiction
366	entailment
367	contradiction
368	entailment
369	entailment
370	entailment
371	entailment
372	entailment
373	entailment
374	entailment
375	neutral
376	contradiction
377	contradiction
378	contradiction
379	contradiction
380	entailment
381	contradiction
382	contradiction
383	contradiction
384	contradiction
385	contradiction
386	neutral
387	contradiction
388	neutral
389	contradiction
390	contradiction
391	entailment
392	contradiction
393	neutral
394	contradiction
395	neutral
396	contradiction
397	contradiction
398	neutral
399	neutral
400	contradiction
401	neutral
402	entailment
403	entailment
404	contradiction
405	contradiction
406	neutral
407	neutral
408	contradiction
409	neutral
410	neutral
411	neutral
412	neutral
413	neutral
414	contradiction
415	neutral
416	contradiction
417	neutral
418	entailment
419	entailment
420	contradiction
421	contradiction
422	contradiction
423	contradiction
424	entailment
425	entailment
426	neutral
427	neutral
428	contradiction
429	neutral
430	contradiction
431	neutral
432	neutral
433	neutral
434	neutral
435	neutral
436	entailment
437	entailment
438	entailment
439	entailment
440	contradiction
441	contradiction
442	contradiction
443	contradiction
444	contradiction
445	contradiction
446	neutral
447	neutral
448	entailment
449	entailment
450	entailment
451	entailment
452	neutral
453	entailment
454	neutral
455	entailment
456	neutral
457	entailment
458	neutral
459	entailment
460	contradiction
461	entailment
462	neutral
463	neutral
464	entailment
465	entailment
466	entailment
467	entailment
468	entailment
469	entailment
470	entailment
471	entailment
472	neutral
473	neutral
474	neutral
475	neutral
476	contradiction
477	contradiction
478	entailment
479	entailment
480	entailment
481	entailment
482	entailment
483	entailment
484	contradiction
485	entailment
486	entailment
487	entailment
488	entailment
489	entailment
490	neutral
491	neutral
492	neutral
493	neutral
494	entailment
495	entailment
496	contradiction
497	entailment
498	entailment
499	entailment
500	neutral
501	contradiction
502	neutral
503	contradiction
504	neutral
505	neutral
506	neutral
507	neutral
508	entailment
509	entailment
510	entailment
511	entailment
512	entailment
513	entailment
514	entailment
515	contradiction
516	entailment
517	entailment
518	entailment
519	contradiction
520	entailment
521	entailment
522	neutral
523	neutral
524	neutral
525	neutral
526	entailment
527	entailment
528	entailment
529	entailment
530	neutral
531	neutral
532	neutral
533	contradiction
534	entailment
535	entailment
536	entailment
537	entailment
538	entailment
539	entailment
540	entailment
541	entailment
542	neutral
543	contradiction
544	neutral
545	contradiction
546	neutral
547	neutral
548	neutral
549	neutral
550	entailment
551	entailment
552	neutral
553	neutral
554	contradiction
555	neutral
556	neutral
557	neutral
558	neutral
559	neutral
560	entailment
561	entailment
562	entailment
563	entailment
564	entailment
565	entailment
566	entailment
567	entailment
568	neutral
569	neutral
570	neutral
571	neutral
572	neutral
573	neutral
574	neutral
575	neutral
576	neutral
577	neutral
578	neutral
579	neutral
580	neutral
581	neutral
582	neutral
583	neutral
584	entailment
585	neutral
586	neutral
587	neutral
588	neutral
589	neutral
590	neutral
591	neutral
592	neutral
593	neutral
594	neutral
595	neutral
596	neutral
597	entailment
598	contradiction
599	contradiction
600	contradiction
601	contradiction
602	contradiction
603	contradiction
604	neutral
605	neutral
606	entailment
607	neutral
608	entailment
609	neutral
610	entailment
611	neutral
612	contradiction
613	neutral
614	entailment
615	neutral
616	contradiction
617	neutral
618	entailment
619	entailment
620	contradiction
621	entailment
622	contradiction
623	entailment
624	neutral
625	neutral
626	entailment
627	neutral
628	contradiction
629	contradiction
630	entailment
631	entailment
632	entailment
633	entailment
634	neutral
635	neutral
636	neutral
637	neutral
638	contradiction
639	entailment
640	neutral
641	neutral
642	neutral
643	neutral
644	entailment
645	neutral
646	neutral
647	neutral
648	entailment
649	neutral
650	entailment
651	contradiction
652	entailment
653	entailment
654	contradiction
655	contradiction
656	entailment
657	entailment
658	entailment
659	entailment
660	entailment
661	entailment
662	entailment
663	entailment
664	neutral
665	contradiction
666	neutral
667	contradiction
668	contradiction
669	contradiction
670	neutral
671	neutral
672	contradiction
673	neutral
674	entailment
675	neutral
676	entailment
677	neutral
678	contradiction
679	neutral
680	neutral
681	neutral
682	entailment
683	contradiction
684	entailment
685	contradiction
686	neutral
687	neutral
688	neutral
689	neutral
690	entailment
691	neutral
692	neutral
693	neutral
694	entailment
695	neutral
696	contradiction
697	neutral
698	contradiction
699	neutral
700	entailment
701	entailment
702	entailment
703	entailment
704	entailment
705	entailment
706	entailment
707	entailment
708	contradiction
709	neutral
710	contradiction
711	contradiction
712	entailment
713	entailment
714	neutral
715	neutral
716	neutral
717	neutral
718	entailment
719	entailment
720	entailment
721	entailment
722	contradiction
723	neutral
724	contradiction
725	neutral
726	neutral
727	neutral
728	neutral
729	neutral
730	contradiction
731	entailment
732	contradiction
733	contradiction
734	entailment
735	entailment
736	entailment
737	entailment
738	entailment
739	entailment
740	entailment
741	entailment
742	entailment
743	entailment
744	entailment
745	neutral
746	neutral
747	neutral
748	neutral
749	neutral
750	neutral
751	neutral
752	entailment
753	neutral
754	contradiction
755	neutral
756	contradiction
757	neutral
758	neutral
759	neutral
760	neutral
761	entailment
762	contradiction
763	contradiction
764	contradiction
765	contradiction
766	contradiction
767	entailment
768	neutral
769	neutral
770	neutral
771	neutral
772	neutral
773	neutral
774	neutral
775	neutral
776	neutral
777	neutral
778	neutral
779	neutral
780	neutral
781	neutral
782	neutral
783	neutral
784	contradiction
785	neutral
786	neutral
787	neutral
788	contradiction
789	contradiction
790	contradiction
791	contradiction
792	entailment
793	entailment
794	neutral
795	neutral
796	entailment
797	entailment
798	entailment
799	entailment
800	entailment
801	entailment
802	entailment
803	entailment
804	neutral
805	neutral
806	neutral
807	neutral
808	neutral
809	neutral
810	neutral
811	neutral
812	entailment
813	entailment
814	entailment
815	entailment
816	entailment
817	entailment
818	entailment
819	entailment
820	entailment
821	entailment
822	neutral
823	neutral
824	entailment
825	entailment
826	contradiction
827	contradiction
828	entailment
829	entailment
830	entailment
831	entailment
832	entailment
833	entailment
834	neutral
835	neutral
836	neutral
837	neutral
838	neutral
839	neutral
840	neutral
841	neutral
842	contradiction
843	entailment
844	entailment
845	entailment
846	neutral
847	neutral
848	neutral
849	neutral
850	neutral
851	neutral
852	entailment
853	neutral
854	entailment
855	entailment
856	contradiction
857	contradiction
858	entailment
859	entailment
860	entailment
861	entailment
862	neutral
863	neutral
864	neutral
865	neutral
866	neutral
867	neutral
868	entailment
869	entailment
870	entailment
871	entailment
872	entailment
873	entailment
874	entailment
875	entailment
876	entailment
877	entailment
878	neutral
879	neutral
880	entailment
881	neutral
882	entailment
883	entailment
884	entailment
885	entailment
886	entailment
887	entailment
888	entailment
889	entailment
890	contradiction
891	entailment
892	entailment
893	entailment
894	entailment
895	entailment
896	entailment
897	entailment
898	neutral
899	entailment
900	entailment
901	contradiction
902	neutral
903	entailment
904	neutral
905	entailment
906	neutral
907	entailment
908	entailment
909	entailment
910	neutral
911	contradiction
912	neutral
913	contradiction
914	entailment
915	entailment
916	entailment
917	entailment
918	neutral
919	neutral
920	neutral
921	neutral
922	entailment
923	entailment
924	entailment
925	neutral
926	neutral
927	neutral
928	neutral
929	neutral
930	neutral
931	neutral
932	entailment
933	entailment
934	entailment
935	entailment
936	contradiction
937	entailment
938	entailment
939	entailment
940	neutral
941	neutral
942	neutral
943	neutral
944	neutral
945	neutral
946	neutral
947	neutral
948	neutral
949	neutral
950	entailment
951	entailment
952	entailment
953	entailment
954	neutral
955	entailment
956	contradiction
957	contradiction
958	entailment
959	entailment
960	contradiction
961	contradiction
962	entailment
963	contradiction
964	contradiction
965	contradiction
966	entailment
967	contradiction
968	contradiction
969	contradiction
970	entailment
971	entailment
972	contradiction
973	neutral
974	contradiction
975	neutral
976	entailment
977	entailment
978	entailment
979	entailment
980	entailment
981	entailment
982	entailment
983	entailment
984	neutral
985	neutral
986	neutral
987	neutral
988	neutral
989	neutral
990	neutral
991	neutral
992	entailment
993	entailment
994	entailment
995	entailment
996	entailment
997	entailment
998	contradiction
999	contradiction
1000	entailment
1001	contradiction
1002	entailment
1003	entailment
1004	entailment
1005	entailment
1006	entailment
1007	entailment
1008	entailment
1009	entailment
1010	entailment
1011	neutral
1012	contradiction
1013	neutral
1014	entailment
1015	neutral
1016	entailment
1017	entailment
1018	neutral
1019	neutral
1020	neutral
1021	neutral
1022	neutral
1023	neutral
1024	entailment
1025	neutral
1026	entailment
1027	neutral
1028	neutral
1029	contradiction
1030	entailment
1031	entailment
1032	neutral
1033	neutral
1034	neutral
1035	neutral
1036	contradiction
1037	contradiction
1038	entailment
1039	entailment
1040	contradiction
1041	contradiction
1042	entailment
1043	entailment
1044	entailment
1045	entailment
1046	entailment
1047	entailment
1048	contradiction
1049	entailment
1050	entailment
1051	entailment
1052	entailment
1053	entailment
1054	neutral
1055	neutral
1056	entailment
1057	entailment
1058	neutral
1059	neutral
1060	neutral
1061	neutral
1062	entailment
1063	entailment
1064	contradiction
1065	contradiction
1066	contradiction
1067	contradiction
1068	entailment
1069	neutral
1070	entailment
1071	neutral
1072	neutral
1073	entailment
1074	neutral
1075	neutral
1076	neutral
1077	neutral
1078	entailment
1079	entailment
1080	neutral
1081	neutral
1082	neutral
1083	neutral
1084	entailment
1085	entailment
1086	neutral
1087	contradiction
1088	entailment
1089	entailment
1090	contradiction
1091	contradiction
1092	contradiction
1093	neutral
1094	contradiction
1095	contradiction
1096	contradiction
1097	neutral
1098	neutral
1099	neutral
1100	contradiction
1101	contradiction
1102	entailment
1103	neutral
