index	prediction
0	entailment
1	entailment
2	entailment
3	entailment
4	entailment
5	not_entailment
6	not_entailment
7	entailment
8	entailment
9	entailment
10	not_entailment
11	entailment
12	entailment
13	not_entailment
14	not_entailment
15	entailment
16	entailment
17	not_entailment
18	entailment
19	entailment
20	entailment
21	not_entailment
22	entailment
23	not_entailment
24	not_entailment
25	not_entailment
26	entailment
27	entailment
28	not_entailment
29	entailment
30	not_entailment
31	entailment
32	entailment
33	entailment
34	entailment
35	entailment
36	entailment
37	not_entailment
38	entailment
39	entailment
40	entailment
41	not_entailment
42	not_entailment
43	not_entailment
44	entailment
45	not_entailment
46	not_entailment
47	entailment
48	not_entailment
49	entailment
50	not_entailment
51	not_entailment
52	not_entailment
53	entailment
54	entailment
55	entailment
56	entailment
57	entailment
58	entailment
59	not_entailment
60	entailment
61	not_entailment
62	entailment
63	entailment
64	entailment
65	entailment
66	entailment
67	not_entailment
68	entailment
69	not_entailment
70	entailment
71	entailment
72	not_entailment
73	entailment
74	entailment
75	not_entailment
76	entailment
77	entailment
78	entailment
79	not_entailment
80	entailment
81	not_entailment
82	entailment
83	entailment
84	not_entailment
85	entailment
86	entailment
87	entailment
88	entailment
89	not_entailment
90	entailment
91	not_entailment
92	entailment
93	entailment
94	entailment
95	entailment
96	not_entailment
97	entailment
98	not_entailment
99	entailment
100	not_entailment
101	entailment
102	entailment
103	not_entailment
104	not_entailment
105	entailment
106	entailment
107	not_entailment
108	entailment
109	entailment
110	entailment
111	not_entailment
112	entailment
113	entailment
114	entailment
115	entailment
116	entailment
117	not_entailment
118	not_entailment
119	entailment
120	not_entailment
121	entailment
122	entailment
123	entailment
124	entailment
125	not_entailment
126	not_entailment
127	entailment
128	entailment
129	not_entailment
130	entailment
131	entailment
132	not_entailment
133	entailment
134	entailment
135	entailment
136	entailment
137	entailment
138	entailment
139	not_entailment
140	entailment
141	not_entailment
142	entailment
143	not_entailment
144	entailment
145	not_entailment
146	entailment
147	not_entailment
148	entailment
149	not_entailment
150	not_entailment
151	not_entailment
152	not_entailment
153	entailment
154	entailment
155	entailment
156	entailment
157	entailment
158	entailment
159	entailment
160	entailment
161	entailment
162	not_entailment
163	entailment
164	entailment
165	not_entailment
166	entailment
167	entailment
168	not_entailment
169	entailment
170	entailment
171	entailment
172	not_entailment
173	entailment
174	entailment
175	entailment
176	entailment
177	entailment
178	not_entailment
179	entailment
180	not_entailment
181	not_entailment
182	entailment
183	not_entailment
184	entailment
185	entailment
186	entailment
187	entailment
188	entailment
189	entailment
190	not_entailment
191	not_entailment
192	entailment
193	entailment
194	not_entailment
195	not_entailment
196	not_entailment
197	entailment
198	entailment
199	not_entailment
200	entailment
201	entailment
202	entailment
203	not_entailment
204	entailment
205	entailment
206	entailment
207	entailment
208	entailment
209	entailment
210	not_entailment
211	entailment
212	not_entailment
213	entailment
214	entailment
215	entailment
216	entailment
217	entailment
218	not_entailment
219	entailment
220	entailment
221	entailment
222	entailment
223	entailment
224	not_entailment
225	not_entailment
226	entailment
227	entailment
228	not_entailment
229	entailment
230	entailment
231	not_entailment
232	entailment
233	not_entailment
234	not_entailment
235	not_entailment
236	not_entailment
237	entailment
238	not_entailment
239	not_entailment
240	entailment
241	entailment
242	not_entailment
243	entailment
244	not_entailment
245	entailment
246	not_entailment
247	entailment
248	not_entailment
249	entailment
250	not_entailment
251	entailment
252	entailment
253	entailment
254	not_entailment
255	not_entailment
256	not_entailment
257	entailment
258	entailment
259	entailment
260	entailment
261	entailment
262	not_entailment
263	not_entailment
264	entailment
265	entailment
266	entailment
267	not_entailment
268	entailment
269	not_entailment
270	entailment
271	entailment
272	not_entailment
273	entailment
274	not_entailment
275	entailment
276	entailment
277	entailment
278	entailment
279	entailment
280	entailment
281	not_entailment
282	entailment
283	entailment
284	entailment
285	not_entailment
286	not_entailment
287	entailment
288	entailment
289	entailment
290	entailment
291	entailment
292	not_entailment
293	entailment
294	entailment
295	entailment
296	entailment
297	entailment
298	entailment
299	not_entailment
300	entailment
301	not_entailment
302	not_entailment
303	not_entailment
304	not_entailment
305	not_entailment
306	entailment
307	entailment
308	not_entailment
309	not_entailment
310	not_entailment
311	not_entailment
312	not_entailment
313	entailment
314	not_entailment
315	not_entailment
316	not_entailment
317	entailment
318	entailment
319	not_entailment
320	entailment
321	entailment
322	entailment
323	entailment
324	entailment
325	entailment
326	entailment
327	entailment
328	entailment
329	entailment
330	entailment
331	entailment
332	entailment
333	not_entailment
334	entailment
335	entailment
336	not_entailment
337	entailment
338	entailment
339	entailment
340	entailment
341	entailment
342	not_entailment
343	entailment
344	entailment
345	entailment
346	not_entailment
347	not_entailment
348	entailment
349	not_entailment
350	entailment
351	not_entailment
352	entailment
353	entailment
354	entailment
355	not_entailment
356	entailment
357	entailment
358	entailment
359	not_entailment
360	entailment
361	not_entailment
362	entailment
363	not_entailment
364	entailment
365	entailment
366	entailment
367	entailment
368	not_entailment
369	not_entailment
370	entailment
371	entailment
372	entailment
373	entailment
374	not_entailment
375	entailment
376	not_entailment
377	not_entailment
378	entailment
379	not_entailment
380	not_entailment
381	not_entailment
382	entailment
383	entailment
384	not_entailment
385	entailment
386	not_entailment
387	not_entailment
388	not_entailment
389	entailment
390	entailment
391	entailment
392	not_entailment
393	not_entailment
394	entailment
395	not_entailment
396	entailment
397	entailment
398	entailment
399	entailment
400	entailment
401	entailment
402	entailment
403	entailment
404	not_entailment
405	entailment
406	not_entailment
407	not_entailment
408	not_entailment
409	entailment
410	entailment
411	entailment
412	not_entailment
413	entailment
414	entailment
415	not_entailment
416	entailment
417	entailment
418	entailment
419	not_entailment
420	not_entailment
421	not_entailment
422	entailment
423	not_entailment
424	not_entailment
425	entailment
426	not_entailment
427	not_entailment
428	not_entailment
429	not_entailment
430	entailment
431	not_entailment
432	not_entailment
433	entailment
434	entailment
435	entailment
436	entailment
437	entailment
438	entailment
439	entailment
440	not_entailment
441	entailment
442	entailment
443	not_entailment
444	entailment
445	entailment
446	entailment
447	entailment
448	not_entailment
449	not_entailment
450	entailment
451	entailment
452	not_entailment
453	entailment
454	entailment
455	entailment
456	entailment
457	entailment
458	entailment
459	entailment
460	entailment
461	entailment
462	entailment
463	entailment
464	entailment
465	not_entailment
466	entailment
467	not_entailment
468	not_entailment
469	not_entailment
470	entailment
471	entailment
472	entailment
473	entailment
474	entailment
475	not_entailment
476	not_entailment
477	not_entailment
478	entailment
479	not_entailment
480	entailment
481	entailment
482	not_entailment
483	not_entailment
484	entailment
485	entailment
486	not_entailment
487	entailment
488	entailment
489	entailment
490	entailment
491	entailment
492	entailment
493	not_entailment
494	entailment
495	entailment
496	not_entailment
497	entailment
498	entailment
499	entailment
500	entailment
501	not_entailment
502	entailment
503	entailment
504	entailment
505	entailment
506	not_entailment
507	entailment
508	entailment
509	not_entailment
510	not_entailment
511	not_entailment
512	entailment
513	entailment
514	entailment
515	not_entailment
516	entailment
517	not_entailment
518	entailment
519	entailment
520	not_entailment
521	not_entailment
522	entailment
523	entailment
524	not_entailment
525	entailment
526	entailment
527	entailment
528	entailment
529	entailment
530	entailment
531	entailment
532	entailment
533	entailment
534	entailment
535	entailment
536	entailment
537	not_entailment
538	entailment
539	entailment
540	entailment
541	entailment
542	not_entailment
543	not_entailment
544	not_entailment
545	entailment
546	entailment
547	entailment
548	entailment
549	not_entailment
550	not_entailment
551	entailment
552	entailment
553	entailment
554	entailment
555	entailment
556	entailment
557	entailment
558	entailment
559	not_entailment
560	not_entailment
561	entailment
562	entailment
563	entailment
564	entailment
565	not_entailment
566	entailment
567	entailment
568	not_entailment
569	entailment
570	entailment
571	entailment
572	entailment
573	entailment
574	entailment
575	entailment
576	not_entailment
577	entailment
578	not_entailment
579	not_entailment
580	entailment
581	entailment
582	entailment
583	entailment
584	not_entailment
585	entailment
586	not_entailment
587	not_entailment
588	not_entailment
589	not_entailment
590	entailment
591	entailment
592	entailment
593	not_entailment
594	entailment
595	entailment
596	entailment
597	entailment
598	entailment
599	entailment
600	not_entailment
601	not_entailment
602	entailment
603	not_entailment
604	entailment
605	entailment
606	entailment
607	entailment
608	not_entailment
609	not_entailment
610	entailment
611	entailment
612	entailment
613	entailment
614	not_entailment
615	not_entailment
616	entailment
617	entailment
618	entailment
619	not_entailment
620	not_entailment
621	entailment
622	entailment
623	not_entailment
624	entailment
625	not_entailment
626	not_entailment
627	entailment
628	entailment
629	not_entailment
630	entailment
631	entailment
632	not_entailment
633	entailment
634	entailment
635	entailment
636	entailment
637	entailment
638	entailment
639	entailment
640	entailment
641	entailment
642	entailment
643	entailment
644	entailment
645	entailment
646	entailment
647	entailment
648	entailment
649	not_entailment
650	not_entailment
651	not_entailment
652	not_entailment
653	entailment
654	not_entailment
655	not_entailment
656	entailment
657	not_entailment
658	not_entailment
659	entailment
660	not_entailment
661	entailment
662	not_entailment
663	not_entailment
664	entailment
665	entailment
666	entailment
667	entailment
668	not_entailment
669	not_entailment
670	not_entailment
671	entailment
672	entailment
673	entailment
674	entailment
675	not_entailment
676	entailment
677	not_entailment
678	not_entailment
679	entailment
680	entailment
681	not_entailment
682	entailment
683	entailment
684	not_entailment
685	not_entailment
686	entailment
687	not_entailment
688	entailment
689	not_entailment
690	entailment
691	not_entailment
692	entailment
693	entailment
694	entailment
695	not_entailment
696	not_entailment
697	entailment
698	entailment
699	entailment
700	entailment
701	entailment
702	entailment
703	not_entailment
704	not_entailment
705	entailment
706	entailment
707	not_entailment
708	entailment
709	not_entailment
710	not_entailment
711	entailment
712	entailment
713	not_entailment
714	entailment
715	entailment
716	not_entailment
717	entailment
718	entailment
719	not_entailment
720	not_entailment
721	entailment
722	not_entailment
723	not_entailment
724	not_entailment
725	not_entailment
726	not_entailment
727	entailment
728	entailment
729	entailment
730	entailment
731	entailment
732	not_entailment
733	entailment
734	entailment
735	entailment
736	entailment
737	entailment
738	entailment
739	entailment
740	entailment
741	not_entailment
742	entailment
743	entailment
744	entailment
745	entailment
746	entailment
747	not_entailment
748	not_entailment
749	not_entailment
750	not_entailment
751	entailment
752	entailment
753	entailment
754	entailment
755	entailment
756	entailment
757	not_entailment
758	entailment
759	entailment
760	not_entailment
761	not_entailment
762	not_entailment
763	not_entailment
764	entailment
765	not_entailment
766	not_entailment
767	not_entailment
768	entailment
769	entailment
770	not_entailment
771	not_entailment
772	not_entailment
773	entailment
774	entailment
775	entailment
776	not_entailment
777	entailment
778	not_entailment
779	entailment
780	entailment
781	entailment
782	entailment
783	entailment
784	not_entailment
785	entailment
786	not_entailment
787	not_entailment
788	not_entailment
789	entailment
790	entailment
791	entailment
792	not_entailment
793	entailment
794	entailment
795	entailment
796	entailment
797	entailment
798	entailment
799	not_entailment
800	entailment
801	not_entailment
802	not_entailment
803	entailment
804	entailment
805	not_entailment
806	entailment
807	not_entailment
808	entailment
809	not_entailment
810	entailment
811	entailment
812	not_entailment
813	entailment
814	entailment
815	entailment
816	entailment
817	entailment
818	entailment
819	entailment
820	entailment
821	entailment
822	entailment
823	entailment
824	not_entailment
825	entailment
826	not_entailment
827	entailment
828	not_entailment
829	not_entailment
830	entailment
831	entailment
832	entailment
833	entailment
834	entailment
835	entailment
836	entailment
837	not_entailment
838	entailment
839	not_entailment
840	entailment
841	entailment
842	entailment
843	not_entailment
844	entailment
845	entailment
846	entailment
847	entailment
848	not_entailment
849	not_entailment
850	entailment
851	not_entailment
852	not_entailment
853	entailment
854	entailment
855	entailment
856	entailment
857	entailment
858	entailment
859	not_entailment
860	entailment
861	entailment
862	entailment
863	entailment
864	entailment
865	not_entailment
866	entailment
867	entailment
868	not_entailment
869	not_entailment
870	not_entailment
871	entailment
872	entailment
873	not_entailment
874	entailment
875	entailment
876	not_entailment
877	entailment
878	entailment
879	entailment
880	entailment
881	not_entailment
882	entailment
883	not_entailment
884	entailment
885	entailment
886	not_entailment
887	entailment
888	not_entailment
889	not_entailment
890	not_entailment
891	not_entailment
892	entailment
893	entailment
894	entailment
895	entailment
896	entailment
897	entailment
898	entailment
899	entailment
900	entailment
901	entailment
902	entailment
903	entailment
904	not_entailment
905	not_entailment
906	entailment
907	entailment
908	entailment
909	entailment
910	entailment
911	entailment
912	not_entailment
913	entailment
914	entailment
915	entailment
916	not_entailment
917	not_entailment
918	not_entailment
919	entailment
920	not_entailment
921	entailment
922	entailment
923	entailment
924	entailment
925	not_entailment
926	not_entailment
927	not_entailment
928	entailment
929	entailment
930	entailment
931	entailment
932	not_entailment
933	entailment
934	not_entailment
935	not_entailment
936	entailment
937	entailment
938	entailment
939	entailment
940	not_entailment
941	not_entailment
942	entailment
943	entailment
944	entailment
945	entailment
946	not_entailment
947	entailment
948	entailment
949	not_entailment
950	not_entailment
951	not_entailment
952	entailment
953	entailment
954	not_entailment
955	not_entailment
956	entailment
957	entailment
958	entailment
959	entailment
960	not_entailment
961	entailment
962	entailment
963	entailment
964	entailment
965	entailment
966	entailment
967	entailment
968	entailment
969	entailment
970	entailment
971	entailment
972	entailment
973	entailment
974	not_entailment
975	not_entailment
976	entailment
977	entailment
978	entailment
979	not_entailment
980	entailment
981	entailment
982	not_entailment
983	entailment
984	not_entailment
985	not_entailment
986	entailment
987	entailment
988	entailment
989	not_entailment
990	not_entailment
991	entailment
992	entailment
993	entailment
994	not_entailment
995	not_entailment
996	not_entailment
997	not_entailment
998	not_entailment
999	not_entailment
1000	not_entailment
1001	entailment
1002	entailment
1003	entailment
1004	not_entailment
1005	not_entailment
1006	entailment
1007	entailment
1008	entailment
1009	not_entailment
1010	entailment
1011	not_entailment
1012	not_entailment
1013	entailment
1014	entailment
1015	entailment
1016	entailment
1017	not_entailment
1018	not_entailment
1019	entailment
1020	not_entailment
1021	not_entailment
1022	not_entailment
1023	entailment
1024	not_entailment
1025	entailment
1026	entailment
1027	entailment
1028	entailment
1029	entailment
1030	entailment
1031	not_entailment
1032	entailment
1033	not_entailment
1034	entailment
1035	entailment
1036	entailment
1037	entailment
1038	entailment
1039	entailment
1040	entailment
1041	entailment
1042	entailment
1043	entailment
1044	not_entailment
1045	not_entailment
1046	entailment
1047	not_entailment
1048	entailment
1049	not_entailment
1050	entailment
1051	entailment
1052	not_entailment
1053	not_entailment
1054	entailment
1055	not_entailment
1056	not_entailment
1057	not_entailment
1058	entailment
1059	not_entailment
1060	not_entailment
1061	entailment
1062	not_entailment
1063	entailment
1064	entailment
1065	not_entailment
1066	not_entailment
1067	not_entailment
1068	entailment
1069	entailment
1070	entailment
1071	entailment
1072	not_entailment
1073	entailment
1074	entailment
1075	not_entailment
1076	entailment
1077	entailment
1078	not_entailment
1079	entailment
1080	entailment
1081	not_entailment
1082	entailment
1083	not_entailment
1084	not_entailment
1085	entailment
1086	not_entailment
1087	not_entailment
1088	entailment
1089	entailment
1090	entailment
1091	not_entailment
1092	entailment
1093	entailment
1094	not_entailment
1095	entailment
1096	not_entailment
1097	entailment
1098	entailment
1099	entailment
1100	not_entailment
1101	not_entailment
1102	entailment
1103	entailment
1104	entailment
1105	entailment
1106	entailment
1107	entailment
1108	not_entailment
1109	entailment
1110	entailment
1111	entailment
1112	entailment
1113	entailment
1114	entailment
1115	not_entailment
1116	not_entailment
1117	entailment
1118	entailment
1119	not_entailment
1120	not_entailment
1121	not_entailment
1122	entailment
1123	entailment
1124	entailment
1125	not_entailment
1126	entailment
1127	entailment
1128	entailment
1129	not_entailment
1130	not_entailment
1131	entailment
1132	not_entailment
1133	not_entailment
1134	entailment
1135	not_entailment
1136	entailment
1137	not_entailment
1138	entailment
1139	not_entailment
1140	entailment
1141	entailment
1142	entailment
1143	entailment
1144	entailment
1145	entailment
1146	entailment
1147	not_entailment
1148	entailment
1149	entailment
1150	entailment
1151	not_entailment
1152	entailment
1153	entailment
1154	entailment
1155	entailment
1156	not_entailment
1157	not_entailment
1158	entailment
1159	entailment
1160	not_entailment
1161	entailment
1162	not_entailment
1163	not_entailment
1164	not_entailment
1165	entailment
1166	entailment
1167	entailment
1168	entailment
1169	entailment
1170	entailment
1171	not_entailment
1172	not_entailment
1173	entailment
1174	not_entailment
1175	entailment
1176	entailment
1177	entailment
1178	entailment
1179	not_entailment
1180	entailment
1181	entailment
1182	entailment
1183	entailment
1184	entailment
1185	not_entailment
1186	not_entailment
1187	entailment
1188	not_entailment
1189	not_entailment
1190	entailment
1191	not_entailment
1192	entailment
1193	entailment
1194	entailment
1195	not_entailment
1196	entailment
1197	entailment
1198	entailment
1199	not_entailment
1200	entailment
1201	entailment
1202	not_entailment
1203	entailment
1204	entailment
1205	entailment
1206	entailment
1207	entailment
1208	entailment
1209	entailment
1210	entailment
1211	entailment
1212	entailment
1213	not_entailment
1214	not_entailment
1215	entailment
1216	not_entailment
1217	not_entailment
1218	entailment
1219	not_entailment
1220	entailment
1221	entailment
1222	entailment
1223	not_entailment
1224	entailment
1225	entailment
1226	entailment
1227	not_entailment
1228	entailment
1229	entailment
1230	not_entailment
1231	entailment
1232	entailment
1233	not_entailment
1234	not_entailment
1235	entailment
1236	not_entailment
1237	not_entailment
1238	entailment
1239	entailment
1240	entailment
1241	entailment
1242	not_entailment
1243	not_entailment
1244	entailment
1245	entailment
1246	not_entailment
1247	not_entailment
1248	entailment
1249	entailment
1250	entailment
1251	not_entailment
1252	entailment
1253	entailment
1254	entailment
1255	entailment
1256	entailment
1257	not_entailment
1258	entailment
1259	entailment
1260	entailment
1261	entailment
1262	entailment
1263	not_entailment
1264	entailment
1265	not_entailment
1266	entailment
1267	not_entailment
1268	entailment
1269	entailment
1270	not_entailment
1271	not_entailment
1272	entailment
1273	entailment
1274	entailment
1275	entailment
1276	entailment
1277	entailment
1278	not_entailment
1279	entailment
1280	entailment
1281	entailment
1282	entailment
1283	not_entailment
1284	not_entailment
1285	not_entailment
1286	entailment
1287	not_entailment
1288	entailment
1289	not_entailment
1290	entailment
1291	not_entailment
1292	not_entailment
1293	entailment
1294	entailment
1295	entailment
1296	entailment
1297	entailment
1298	entailment
1299	entailment
1300	entailment
1301	entailment
1302	entailment
1303	entailment
1304	not_entailment
1305	entailment
1306	entailment
1307	entailment
1308	not_entailment
1309	entailment
1310	not_entailment
1311	not_entailment
1312	entailment
1313	not_entailment
1314	not_entailment
1315	entailment
1316	entailment
1317	entailment
1318	not_entailment
1319	entailment
1320	entailment
1321	entailment
1322	entailment
1323	not_entailment
1324	not_entailment
1325	entailment
1326	entailment
1327	not_entailment
1328	entailment
1329	not_entailment
1330	not_entailment
1331	entailment
1332	not_entailment
1333	not_entailment
1334	entailment
1335	entailment
1336	entailment
1337	not_entailment
1338	not_entailment
1339	not_entailment
1340	not_entailment
1341	entailment
1342	entailment
1343	entailment
1344	entailment
1345	entailment
1346	entailment
1347	not_entailment
1348	entailment
1349	entailment
1350	entailment
1351	entailment
1352	not_entailment
1353	entailment
1354	entailment
1355	entailment
1356	entailment
1357	entailment
1358	entailment
1359	not_entailment
1360	not_entailment
1361	entailment
1362	not_entailment
1363	not_entailment
1364	entailment
1365	not_entailment
1366	entailment
1367	entailment
1368	entailment
1369	entailment
1370	not_entailment
1371	entailment
1372	entailment
1373	entailment
1374	entailment
1375	entailment
1376	entailment
1377	entailment
1378	entailment
1379	not_entailment
1380	not_entailment
1381	entailment
1382	entailment
1383	not_entailment
1384	entailment
1385	not_entailment
1386	entailment
1387	entailment
1388	entailment
1389	entailment
1390	entailment
1391	entailment
1392	entailment
1393	not_entailment
1394	entailment
1395	entailment
1396	entailment
1397	entailment
1398	not_entailment
1399	entailment
1400	entailment
1401	entailment
1402	entailment
1403	not_entailment
1404	entailment
1405	entailment
1406	entailment
1407	entailment
1408	not_entailment
1409	not_entailment
1410	not_entailment
1411	entailment
1412	not_entailment
1413	entailment
1414	not_entailment
1415	entailment
1416	not_entailment
1417	entailment
1418	not_entailment
1419	entailment
1420	not_entailment
1421	entailment
1422	entailment
1423	entailment
1424	entailment
1425	not_entailment
1426	not_entailment
1427	entailment
1428	entailment
1429	entailment
1430	entailment
1431	entailment
1432	entailment
1433	not_entailment
1434	entailment
1435	entailment
1436	not_entailment
1437	not_entailment
1438	entailment
1439	entailment
1440	not_entailment
1441	entailment
1442	not_entailment
1443	entailment
1444	not_entailment
1445	not_entailment
1446	entailment
1447	entailment
1448	entailment
1449	entailment
1450	entailment
1451	entailment
1452	not_entailment
1453	entailment
1454	entailment
1455	not_entailment
1456	entailment
1457	not_entailment
1458	entailment
1459	not_entailment
1460	not_entailment
1461	entailment
1462	entailment
1463	entailment
1464	entailment
1465	entailment
1466	entailment
1467	entailment
1468	not_entailment
1469	entailment
1470	not_entailment
1471	entailment
1472	entailment
1473	entailment
1474	entailment
1475	entailment
1476	entailment
1477	not_entailment
1478	entailment
1479	entailment
1480	entailment
1481	entailment
1482	entailment
1483	not_entailment
1484	entailment
1485	entailment
1486	not_entailment
1487	entailment
1488	entailment
1489	entailment
1490	entailment
1491	entailment
1492	entailment
1493	entailment
1494	entailment
1495	not_entailment
1496	entailment
1497	entailment
1498	entailment
1499	not_entailment
1500	entailment
1501	entailment
1502	entailment
1503	entailment
1504	entailment
1505	entailment
1506	not_entailment
1507	not_entailment
1508	entailment
1509	entailment
1510	entailment
1511	entailment
1512	entailment
1513	entailment
1514	entailment
1515	entailment
1516	not_entailment
1517	entailment
1518	entailment
1519	entailment
1520	entailment
1521	not_entailment
1522	entailment
1523	not_entailment
1524	entailment
1525	entailment
1526	not_entailment
1527	entailment
1528	entailment
1529	not_entailment
1530	not_entailment
1531	not_entailment
1532	entailment
1533	not_entailment
1534	not_entailment
1535	entailment
1536	entailment
1537	not_entailment
1538	entailment
1539	not_entailment
1540	not_entailment
1541	not_entailment
1542	not_entailment
1543	entailment
1544	entailment
1545	not_entailment
1546	not_entailment
1547	not_entailment
1548	entailment
1549	entailment
1550	entailment
1551	entailment
1552	entailment
1553	entailment
1554	not_entailment
1555	not_entailment
1556	not_entailment
1557	not_entailment
1558	entailment
1559	entailment
1560	not_entailment
1561	entailment
1562	entailment
1563	not_entailment
1564	entailment
1565	not_entailment
1566	entailment
1567	not_entailment
1568	entailment
1569	not_entailment
1570	not_entailment
1571	entailment
1572	entailment
1573	entailment
1574	not_entailment
1575	not_entailment
1576	entailment
1577	entailment
1578	entailment
1579	entailment
1580	not_entailment
1581	entailment
1582	entailment
1583	not_entailment
1584	not_entailment
1585	not_entailment
1586	not_entailment
1587	entailment
1588	entailment
1589	entailment
1590	entailment
1591	entailment
1592	entailment
1593	not_entailment
1594	not_entailment
1595	entailment
1596	entailment
1597	entailment
1598	not_entailment
1599	entailment
1600	entailment
1601	not_entailment
1602	entailment
1603	not_entailment
1604	not_entailment
1605	entailment
1606	not_entailment
1607	entailment
1608	entailment
1609	not_entailment
1610	not_entailment
1611	not_entailment
1612	entailment
1613	not_entailment
1614	entailment
1615	entailment
1616	entailment
1617	entailment
1618	entailment
1619	entailment
1620	entailment
1621	entailment
1622	entailment
1623	not_entailment
1624	not_entailment
1625	entailment
1626	not_entailment
1627	entailment
1628	not_entailment
1629	not_entailment
1630	not_entailment
1631	entailment
1632	not_entailment
1633	entailment
1634	not_entailment
1635	not_entailment
1636	entailment
1637	entailment
1638	entailment
1639	entailment
1640	entailment
1641	entailment
1642	entailment
1643	not_entailment
1644	entailment
1645	not_entailment
1646	entailment
1647	entailment
1648	not_entailment
1649	entailment
1650	entailment
1651	not_entailment
1652	not_entailment
1653	entailment
1654	entailment
1655	entailment
1656	entailment
1657	not_entailment
1658	entailment
1659	entailment
1660	entailment
1661	not_entailment
1662	entailment
1663	not_entailment
1664	not_entailment
1665	entailment
1666	not_entailment
1667	not_entailment
1668	entailment
1669	not_entailment
1670	entailment
1671	entailment
1672	entailment
1673	entailment
1674	entailment
1675	not_entailment
1676	entailment
1677	not_entailment
1678	entailment
1679	entailment
1680	entailment
1681	entailment
1682	not_entailment
1683	not_entailment
1684	entailment
1685	not_entailment
1686	entailment
1687	not_entailment
1688	not_entailment
1689	entailment
1690	entailment
1691	not_entailment
1692	entailment
1693	entailment
1694	not_entailment
1695	entailment
1696	entailment
1697	not_entailment
1698	not_entailment
1699	entailment
1700	entailment
1701	entailment
1702	entailment
1703	entailment
1704	not_entailment
1705	entailment
1706	entailment
1707	entailment
1708	not_entailment
1709	not_entailment
1710	not_entailment
1711	not_entailment
1712	entailment
1713	entailment
1714	not_entailment
1715	entailment
1716	entailment
1717	entailment
1718	entailment
1719	entailment
1720	not_entailment
1721	entailment
1722	entailment
1723	entailment
1724	entailment
1725	entailment
1726	entailment
1727	entailment
1728	not_entailment
1729	not_entailment
1730	entailment
1731	entailment
1732	entailment
1733	not_entailment
1734	entailment
1735	not_entailment
1736	entailment
1737	entailment
1738	entailment
1739	not_entailment
1740	entailment
1741	entailment
1742	not_entailment
1743	entailment
1744	entailment
1745	not_entailment
1746	entailment
1747	not_entailment
1748	not_entailment
1749	entailment
1750	entailment
1751	not_entailment
1752	entailment
1753	entailment
1754	entailment
1755	entailment
1756	entailment
1757	not_entailment
1758	not_entailment
1759	not_entailment
1760	entailment
1761	entailment
1762	not_entailment
1763	entailment
1764	entailment
1765	entailment
1766	entailment
1767	entailment
1768	entailment
1769	not_entailment
1770	not_entailment
1771	not_entailment
1772	not_entailment
1773	not_entailment
1774	entailment
1775	not_entailment
1776	entailment
1777	not_entailment
1778	entailment
1779	entailment
1780	not_entailment
1781	entailment
1782	not_entailment
1783	not_entailment
1784	not_entailment
1785	not_entailment
1786	not_entailment
1787	entailment
1788	entailment
1789	entailment
1790	entailment
1791	not_entailment
1792	not_entailment
1793	not_entailment
1794	not_entailment
1795	entailment
1796	entailment
1797	not_entailment
1798	entailment
1799	entailment
1800	not_entailment
1801	entailment
1802	entailment
1803	not_entailment
1804	entailment
1805	entailment
1806	entailment
1807	entailment
1808	entailment
1809	entailment
1810	entailment
1811	entailment
1812	not_entailment
1813	entailment
1814	entailment
1815	entailment
1816	entailment
1817	entailment
1818	not_entailment
1819	entailment
1820	entailment
1821	entailment
1822	entailment
1823	not_entailment
1824	not_entailment
1825	entailment
1826	entailment
1827	entailment
1828	entailment
1829	not_entailment
1830	not_entailment
1831	entailment
1832	entailment
1833	not_entailment
1834	entailment
1835	entailment
1836	not_entailment
1837	entailment
1838	entailment
1839	entailment
1840	not_entailment
1841	entailment
1842	not_entailment
1843	entailment
1844	not_entailment
1845	not_entailment
1846	not_entailment
1847	entailment
1848	entailment
1849	entailment
1850	not_entailment
1851	not_entailment
1852	entailment
1853	entailment
1854	entailment
1855	not_entailment
1856	not_entailment
1857	not_entailment
1858	entailment
1859	not_entailment
1860	not_entailment
1861	not_entailment
1862	entailment
1863	entailment
1864	entailment
1865	entailment
1866	entailment
1867	not_entailment
1868	not_entailment
1869	entailment
1870	entailment
1871	not_entailment
1872	entailment
1873	entailment
1874	not_entailment
1875	entailment
1876	entailment
1877	not_entailment
1878	entailment
1879	entailment
1880	entailment
1881	not_entailment
1882	entailment
1883	not_entailment
1884	not_entailment
1885	entailment
1886	entailment
1887	entailment
1888	not_entailment
1889	entailment
1890	not_entailment
1891	entailment
1892	entailment
1893	entailment
1894	entailment
1895	not_entailment
1896	entailment
1897	entailment
1898	not_entailment
1899	entailment
1900	not_entailment
1901	entailment
1902	not_entailment
1903	entailment
1904	entailment
1905	entailment
1906	not_entailment
1907	not_entailment
1908	entailment
1909	entailment
1910	entailment
1911	not_entailment
1912	entailment
1913	not_entailment
1914	not_entailment
1915	entailment
1916	entailment
1917	entailment
1918	entailment
1919	not_entailment
1920	entailment
1921	entailment
1922	entailment
1923	entailment
1924	not_entailment
1925	entailment
1926	not_entailment
1927	entailment
1928	not_entailment
1929	not_entailment
1930	entailment
1931	entailment
1932	not_entailment
1933	not_entailment
1934	entailment
1935	not_entailment
1936	entailment
1937	not_entailment
1938	entailment
1939	not_entailment
1940	entailment
1941	entailment
1942	entailment
1943	entailment
1944	entailment
1945	entailment
1946	entailment
1947	not_entailment
1948	entailment
1949	not_entailment
1950	entailment
1951	entailment
1952	entailment
1953	not_entailment
1954	entailment
1955	entailment
1956	entailment
1957	not_entailment
1958	not_entailment
1959	entailment
1960	not_entailment
1961	entailment
1962	entailment
1963	entailment
1964	entailment
1965	not_entailment
1966	not_entailment
1967	not_entailment
1968	entailment
1969	entailment
1970	entailment
1971	entailment
1972	not_entailment
1973	not_entailment
1974	entailment
1975	entailment
1976	entailment
1977	entailment
1978	not_entailment
1979	entailment
1980	not_entailment
1981	entailment
1982	entailment
1983	entailment
1984	entailment
1985	not_entailment
1986	entailment
1987	entailment
1988	not_entailment
1989	not_entailment
1990	not_entailment
1991	not_entailment
1992	entailment
1993	not_entailment
1994	not_entailment
1995	entailment
1996	not_entailment
1997	entailment
1998	not_entailment
1999	entailment
2000	not_entailment
2001	not_entailment
2002	entailment
2003	not_entailment
2004	not_entailment
2005	not_entailment
2006	entailment
2007	entailment
2008	not_entailment
2009	entailment
2010	entailment
2011	not_entailment
2012	entailment
2013	not_entailment
2014	entailment
2015	entailment
2016	not_entailment
2017	entailment
2018	not_entailment
2019	entailment
2020	entailment
2021	entailment
2022	not_entailment
2023	not_entailment
2024	entailment
2025	not_entailment
2026	entailment
2027	entailment
2028	not_entailment
2029	entailment
2030	entailment
2031	entailment
2032	entailment
2033	entailment
2034	not_entailment
2035	not_entailment
2036	entailment
2037	not_entailment
2038	entailment
2039	not_entailment
2040	entailment
2041	not_entailment
2042	entailment
2043	not_entailment
2044	entailment
2045	entailment
2046	entailment
2047	not_entailment
2048	entailment
2049	entailment
2050	entailment
2051	entailment
2052	entailment
2053	not_entailment
2054	not_entailment
2055	entailment
2056	entailment
2057	not_entailment
2058	entailment
2059	entailment
2060	entailment
2061	entailment
2062	entailment
2063	not_entailment
2064	entailment
2065	entailment
2066	not_entailment
2067	entailment
2068	entailment
2069	not_entailment
2070	entailment
2071	entailment
2072	not_entailment
2073	entailment
2074	entailment
2075	not_entailment
2076	entailment
2077	not_entailment
2078	entailment
2079	entailment
2080	entailment
2081	entailment
2082	entailment
2083	entailment
2084	entailment
2085	entailment
2086	entailment
2087	entailment
2088	entailment
2089	not_entailment
2090	not_entailment
2091	entailment
2092	not_entailment
2093	entailment
2094	entailment
2095	entailment
2096	entailment
2097	not_entailment
2098	not_entailment
2099	entailment
2100	not_entailment
2101	entailment
2102	entailment
2103	entailment
2104	entailment
2105	not_entailment
2106	entailment
2107	not_entailment
2108	entailment
2109	not_entailment
2110	entailment
2111	entailment
2112	entailment
2113	entailment
2114	not_entailment
2115	not_entailment
2116	entailment
2117	entailment
2118	entailment
2119	entailment
2120	not_entailment
2121	entailment
2122	not_entailment
2123	entailment
2124	entailment
2125	entailment
2126	entailment
2127	not_entailment
2128	not_entailment
2129	entailment
2130	entailment
2131	entailment
2132	entailment
2133	entailment
2134	not_entailment
2135	entailment
2136	not_entailment
2137	entailment
2138	entailment
2139	entailment
2140	entailment
2141	entailment
2142	entailment
2143	entailment
2144	not_entailment
2145	entailment
2146	entailment
2147	entailment
2148	not_entailment
2149	not_entailment
2150	not_entailment
2151	not_entailment
2152	entailment
2153	entailment
2154	entailment
2155	entailment
2156	entailment
2157	entailment
2158	not_entailment
2159	entailment
2160	not_entailment
2161	entailment
2162	not_entailment
2163	entailment
2164	not_entailment
2165	entailment
2166	not_entailment
2167	entailment
2168	entailment
2169	not_entailment
2170	not_entailment
2171	not_entailment
2172	entailment
2173	entailment
2174	entailment
2175	entailment
2176	not_entailment
2177	entailment
2178	entailment
2179	not_entailment
2180	entailment
2181	not_entailment
2182	not_entailment
2183	entailment
2184	entailment
2185	not_entailment
2186	not_entailment
2187	entailment
2188	not_entailment
2189	entailment
2190	entailment
2191	entailment
2192	not_entailment
2193	entailment
2194	entailment
2195	entailment
2196	not_entailment
2197	entailment
2198	entailment
2199	entailment
2200	entailment
2201	not_entailment
2202	not_entailment
2203	entailment
2204	entailment
2205	entailment
2206	not_entailment
2207	not_entailment
2208	entailment
2209	entailment
2210	entailment
2211	not_entailment
2212	entailment
2213	entailment
2214	entailment
2215	entailment
2216	entailment
2217	entailment
2218	entailment
2219	entailment
2220	not_entailment
2221	not_entailment
2222	not_entailment
2223	not_entailment
2224	not_entailment
2225	entailment
2226	not_entailment
2227	entailment
2228	not_entailment
2229	not_entailment
2230	entailment
2231	entailment
2232	entailment
2233	not_entailment
2234	entailment
2235	entailment
2236	entailment
2237	entailment
2238	entailment
2239	entailment
2240	not_entailment
2241	not_entailment
2242	entailment
2243	entailment
2244	entailment
2245	not_entailment
2246	entailment
2247	entailment
2248	entailment
2249	not_entailment
2250	not_entailment
2251	not_entailment
2252	entailment
2253	entailment
2254	not_entailment
2255	not_entailment
2256	entailment
2257	entailment
2258	entailment
2259	not_entailment
2260	entailment
2261	entailment
2262	entailment
2263	entailment
2264	not_entailment
2265	entailment
2266	not_entailment
2267	entailment
2268	entailment
2269	entailment
2270	not_entailment
2271	entailment
2272	entailment
2273	entailment
2274	entailment
2275	not_entailment
2276	entailment
2277	entailment
2278	entailment
2279	not_entailment
2280	entailment
2281	entailment
2282	entailment
2283	not_entailment
2284	entailment
2285	entailment
2286	entailment
2287	entailment
2288	entailment
2289	entailment
2290	entailment
2291	entailment
2292	entailment
2293	not_entailment
2294	not_entailment
2295	not_entailment
2296	entailment
2297	entailment
2298	entailment
2299	entailment
2300	entailment
2301	entailment
2302	entailment
2303	not_entailment
2304	entailment
2305	entailment
2306	not_entailment
2307	entailment
2308	not_entailment
2309	entailment
2310	entailment
2311	entailment
2312	not_entailment
2313	entailment
2314	not_entailment
2315	not_entailment
2316	entailment
2317	not_entailment
2318	entailment
2319	not_entailment
2320	not_entailment
2321	not_entailment
2322	not_entailment
2323	entailment
2324	not_entailment
2325	entailment
2326	entailment
2327	entailment
2328	not_entailment
2329	entailment
2330	not_entailment
2331	entailment
2332	entailment
2333	entailment
2334	entailment
2335	entailment
2336	entailment
2337	entailment
2338	entailment
2339	entailment
2340	entailment
2341	not_entailment
2342	entailment
2343	entailment
2344	not_entailment
2345	not_entailment
2346	entailment
2347	entailment
2348	entailment
2349	entailment
2350	not_entailment
2351	entailment
2352	not_entailment
2353	not_entailment
2354	not_entailment
2355	entailment
2356	entailment
2357	not_entailment
2358	entailment
2359	entailment
2360	entailment
2361	not_entailment
2362	not_entailment
2363	entailment
2364	entailment
2365	entailment
2366	not_entailment
2367	entailment
2368	not_entailment
2369	not_entailment
2370	entailment
2371	not_entailment
2372	entailment
2373	entailment
2374	entailment
2375	not_entailment
2376	entailment
2377	not_entailment
2378	entailment
2379	not_entailment
2380	entailment
2381	entailment
2382	not_entailment
2383	entailment
2384	entailment
2385	entailment
2386	entailment
2387	entailment
2388	entailment
2389	entailment
2390	not_entailment
2391	entailment
2392	not_entailment
2393	entailment
2394	not_entailment
2395	entailment
2396	not_entailment
2397	not_entailment
2398	entailment
2399	entailment
2400	entailment
2401	entailment
2402	entailment
2403	entailment
2404	entailment
2405	not_entailment
2406	entailment
2407	entailment
2408	entailment
2409	entailment
2410	not_entailment
2411	entailment
2412	not_entailment
2413	entailment
2414	entailment
2415	entailment
2416	entailment
2417	entailment
2418	entailment
2419	not_entailment
2420	not_entailment
2421	entailment
2422	entailment
2423	not_entailment
2424	entailment
2425	not_entailment
2426	not_entailment
2427	not_entailment
2428	not_entailment
2429	entailment
2430	entailment
2431	not_entailment
2432	entailment
2433	entailment
2434	entailment
2435	not_entailment
2436	not_entailment
2437	entailment
2438	entailment
2439	entailment
2440	not_entailment
2441	entailment
2442	not_entailment
2443	entailment
2444	not_entailment
2445	entailment
2446	entailment
2447	not_entailment
2448	entailment
2449	entailment
2450	not_entailment
2451	entailment
2452	entailment
2453	entailment
2454	not_entailment
2455	entailment
2456	entailment
2457	entailment
2458	not_entailment
2459	not_entailment
2460	entailment
2461	entailment
2462	entailment
2463	entailment
2464	entailment
2465	entailment
2466	not_entailment
2467	entailment
2468	entailment
2469	entailment
2470	not_entailment
2471	entailment
2472	entailment
2473	entailment
2474	entailment
2475	entailment
2476	entailment
2477	entailment
2478	entailment
2479	entailment
2480	entailment
2481	entailment
2482	entailment
2483	entailment
2484	not_entailment
2485	not_entailment
2486	not_entailment
2487	not_entailment
2488	entailment
2489	entailment
2490	not_entailment
2491	entailment
2492	entailment
2493	entailment
2494	entailment
2495	entailment
2496	not_entailment
2497	entailment
2498	entailment
2499	entailment
2500	entailment
2501	not_entailment
2502	entailment
2503	entailment
2504	entailment
2505	entailment
2506	not_entailment
2507	entailment
2508	not_entailment
2509	entailment
2510	not_entailment
2511	entailment
2512	entailment
2513	entailment
2514	not_entailment
2515	entailment
2516	entailment
2517	entailment
2518	not_entailment
2519	entailment
2520	not_entailment
2521	not_entailment
2522	entailment
2523	entailment
2524	not_entailment
2525	not_entailment
2526	entailment
2527	not_entailment
2528	not_entailment
2529	entailment
2530	entailment
2531	not_entailment
2532	entailment
2533	not_entailment
2534	entailment
2535	entailment
2536	not_entailment
2537	not_entailment
2538	entailment
2539	not_entailment
2540	not_entailment
2541	entailment
2542	entailment
2543	not_entailment
2544	not_entailment
2545	not_entailment
2546	entailment
2547	entailment
2548	entailment
2549	entailment
2550	entailment
2551	entailment
2552	entailment
2553	entailment
2554	entailment
2555	not_entailment
2556	not_entailment
2557	entailment
2558	entailment
2559	entailment
2560	entailment
2561	entailment
2562	entailment
2563	not_entailment
2564	not_entailment
2565	entailment
2566	not_entailment
2567	entailment
2568	not_entailment
2569	entailment
2570	entailment
2571	not_entailment
2572	entailment
2573	entailment
2574	entailment
2575	not_entailment
2576	entailment
2577	not_entailment
2578	entailment
2579	not_entailment
2580	entailment
2581	not_entailment
2582	entailment
2583	entailment
2584	entailment
2585	entailment
2586	entailment
2587	entailment
2588	entailment
2589	entailment
2590	entailment
2591	not_entailment
2592	not_entailment
2593	entailment
2594	entailment
2595	entailment
2596	entailment
2597	not_entailment
2598	entailment
2599	entailment
2600	entailment
2601	entailment
2602	entailment
2603	entailment
2604	entailment
2605	not_entailment
2606	entailment
2607	entailment
2608	entailment
2609	entailment
2610	entailment
2611	entailment
2612	not_entailment
2613	not_entailment
2614	not_entailment
2615	entailment
2616	not_entailment
2617	not_entailment
2618	entailment
2619	entailment
2620	entailment
2621	not_entailment
2622	not_entailment
2623	entailment
2624	entailment
2625	not_entailment
2626	entailment
2627	not_entailment
2628	entailment
2629	not_entailment
2630	entailment
2631	entailment
2632	entailment
2633	entailment
2634	not_entailment
2635	entailment
2636	not_entailment
2637	entailment
2638	not_entailment
2639	entailment
2640	not_entailment
2641	entailment
2642	entailment
2643	not_entailment
2644	entailment
2645	not_entailment
2646	not_entailment
2647	not_entailment
2648	entailment
2649	entailment
2650	entailment
2651	entailment
2652	entailment
2653	entailment
2654	entailment
2655	entailment
2656	entailment
2657	not_entailment
2658	not_entailment
2659	not_entailment
2660	entailment
2661	not_entailment
2662	entailment
2663	not_entailment
2664	entailment
2665	not_entailment
2666	entailment
2667	entailment
2668	not_entailment
2669	entailment
2670	entailment
2671	entailment
2672	entailment
2673	not_entailment
2674	entailment
2675	entailment
2676	not_entailment
2677	not_entailment
2678	entailment
2679	entailment
2680	not_entailment
2681	entailment
2682	not_entailment
2683	entailment
2684	entailment
2685	entailment
2686	entailment
2687	entailment
2688	entailment
2689	entailment
2690	not_entailment
2691	not_entailment
2692	entailment
2693	entailment
2694	not_entailment
2695	not_entailment
2696	entailment
2697	entailment
2698	entailment
2699	entailment
2700	not_entailment
2701	not_entailment
2702	entailment
2703	entailment
2704	entailment
2705	entailment
2706	entailment
2707	not_entailment
2708	entailment
2709	entailment
2710	not_entailment
2711	entailment
2712	entailment
2713	entailment
2714	entailment
2715	not_entailment
2716	entailment
2717	entailment
2718	entailment
2719	not_entailment
2720	not_entailment
2721	entailment
2722	entailment
2723	not_entailment
2724	entailment
2725	entailment
2726	entailment
2727	entailment
2728	not_entailment
2729	not_entailment
2730	entailment
2731	not_entailment
2732	not_entailment
2733	not_entailment
2734	entailment
2735	entailment
2736	entailment
2737	not_entailment
2738	entailment
2739	entailment
2740	entailment
2741	entailment
2742	not_entailment
2743	not_entailment
2744	not_entailment
2745	entailment
2746	not_entailment
2747	entailment
2748	entailment
2749	not_entailment
2750	entailment
2751	entailment
2752	not_entailment
2753	entailment
2754	not_entailment
2755	not_entailment
2756	entailment
2757	entailment
2758	entailment
2759	not_entailment
2760	entailment
2761	entailment
2762	entailment
2763	entailment
2764	entailment
2765	entailment
2766	entailment
2767	not_entailment
2768	not_entailment
2769	not_entailment
2770	not_entailment
2771	entailment
2772	entailment
2773	entailment
2774	entailment
2775	entailment
2776	entailment
2777	entailment
2778	entailment
2779	entailment
2780	entailment
2781	entailment
2782	not_entailment
2783	not_entailment
2784	entailment
2785	entailment
2786	entailment
2787	not_entailment
2788	entailment
2789	entailment
2790	entailment
2791	entailment
2792	entailment
2793	not_entailment
2794	entailment
2795	entailment
2796	entailment
2797	not_entailment
2798	not_entailment
2799	entailment
2800	entailment
2801	entailment
2802	entailment
2803	entailment
2804	entailment
2805	not_entailment
2806	entailment
2807	entailment
2808	entailment
2809	entailment
2810	not_entailment
2811	entailment
2812	entailment
2813	not_entailment
2814	entailment
2815	entailment
2816	entailment
2817	entailment
2818	not_entailment
2819	entailment
2820	entailment
2821	entailment
2822	not_entailment
2823	not_entailment
2824	entailment
2825	entailment
2826	entailment
2827	entailment
2828	entailment
2829	not_entailment
2830	not_entailment
2831	entailment
2832	not_entailment
2833	entailment
2834	entailment
2835	not_entailment
2836	entailment
2837	entailment
2838	entailment
2839	entailment
2840	entailment
2841	entailment
2842	entailment
2843	not_entailment
2844	not_entailment
2845	entailment
2846	entailment
2847	entailment
2848	not_entailment
2849	entailment
2850	entailment
2851	entailment
2852	entailment
2853	entailment
2854	entailment
2855	entailment
2856	not_entailment
2857	entailment
2858	entailment
2859	not_entailment
2860	entailment
2861	not_entailment
2862	entailment
2863	not_entailment
2864	entailment
2865	entailment
2866	not_entailment
2867	entailment
2868	not_entailment
2869	entailment
2870	entailment
2871	entailment
2872	entailment
2873	entailment
2874	not_entailment
2875	entailment
2876	not_entailment
2877	entailment
2878	not_entailment
2879	entailment
2880	entailment
2881	entailment
2882	entailment
2883	not_entailment
2884	entailment
2885	entailment
2886	entailment
2887	entailment
2888	not_entailment
2889	entailment
2890	entailment
2891	entailment
2892	entailment
2893	entailment
2894	entailment
2895	entailment
2896	not_entailment
2897	entailment
2898	entailment
2899	entailment
2900	entailment
2901	not_entailment
2902	not_entailment
2903	entailment
2904	entailment
2905	entailment
2906	entailment
2907	entailment
2908	entailment
2909	entailment
2910	entailment
2911	entailment
2912	entailment
2913	entailment
2914	entailment
2915	entailment
2916	not_entailment
2917	entailment
2918	not_entailment
2919	entailment
2920	entailment
2921	not_entailment
2922	not_entailment
2923	entailment
2924	entailment
2925	not_entailment
2926	not_entailment
2927	entailment
2928	entailment
2929	not_entailment
2930	entailment
2931	entailment
2932	entailment
2933	entailment
2934	not_entailment
2935	entailment
2936	not_entailment
2937	not_entailment
2938	not_entailment
2939	entailment
2940	entailment
2941	entailment
2942	entailment
2943	not_entailment
2944	not_entailment
2945	not_entailment
2946	not_entailment
2947	entailment
2948	entailment
2949	entailment
2950	entailment
2951	not_entailment
2952	entailment
2953	not_entailment
2954	entailment
2955	not_entailment
2956	entailment
2957	entailment
2958	not_entailment
2959	entailment
2960	entailment
2961	entailment
2962	not_entailment
2963	entailment
2964	entailment
2965	not_entailment
2966	not_entailment
2967	entailment
2968	entailment
2969	entailment
2970	entailment
2971	entailment
2972	entailment
2973	not_entailment
2974	entailment
2975	entailment
2976	entailment
2977	entailment
2978	entailment
2979	entailment
2980	entailment
2981	entailment
2982	not_entailment
2983	not_entailment
2984	entailment
2985	entailment
2986	entailment
2987	entailment
2988	entailment
2989	entailment
2990	not_entailment
2991	not_entailment
2992	entailment
2993	entailment
2994	not_entailment
2995	entailment
2996	entailment
2997	not_entailment
2998	entailment
2999	entailment
3000	not_entailment
3001	not_entailment
3002	entailment
3003	not_entailment
3004	not_entailment
3005	entailment
3006	entailment
3007	not_entailment
3008	not_entailment
3009	entailment
3010	entailment
3011	not_entailment
3012	entailment
3013	not_entailment
3014	not_entailment
3015	not_entailment
3016	entailment
3017	entailment
3018	entailment
3019	not_entailment
3020	entailment
3021	not_entailment
3022	not_entailment
3023	not_entailment
3024	not_entailment
3025	entailment
3026	entailment
3027	not_entailment
3028	entailment
3029	entailment
3030	entailment
3031	entailment
3032	not_entailment
3033	entailment
3034	not_entailment
3035	entailment
3036	entailment
3037	entailment
3038	entailment
3039	entailment
3040	entailment
3041	not_entailment
3042	entailment
3043	entailment
3044	entailment
3045	not_entailment
3046	entailment
3047	not_entailment
3048	entailment
3049	not_entailment
3050	not_entailment
3051	entailment
3052	entailment
3053	not_entailment
3054	not_entailment
3055	not_entailment
3056	entailment
3057	entailment
3058	not_entailment
3059	entailment
3060	entailment
3061	entailment
3062	entailment
3063	entailment
3064	not_entailment
3065	not_entailment
3066	not_entailment
3067	entailment
3068	entailment
3069	not_entailment
3070	entailment
3071	entailment
3072	entailment
3073	entailment
3074	not_entailment
3075	entailment
3076	entailment
3077	entailment
3078	not_entailment
3079	entailment
3080	entailment
3081	entailment
3082	not_entailment
3083	not_entailment
3084	entailment
3085	not_entailment
3086	entailment
3087	entailment
3088	entailment
3089	entailment
3090	not_entailment
3091	entailment
3092	entailment
3093	entailment
3094	entailment
3095	entailment
3096	entailment
3097	entailment
3098	not_entailment
3099	entailment
3100	entailment
3101	entailment
3102	entailment
3103	not_entailment
3104	entailment
3105	entailment
3106	not_entailment
3107	entailment
3108	not_entailment
3109	not_entailment
3110	entailment
3111	not_entailment
3112	not_entailment
3113	not_entailment
3114	not_entailment
3115	entailment
3116	not_entailment
3117	not_entailment
3118	entailment
3119	not_entailment
3120	entailment
3121	entailment
3122	not_entailment
3123	not_entailment
3124	entailment
3125	entailment
3126	entailment
3127	entailment
3128	not_entailment
3129	not_entailment
3130	entailment
3131	entailment
3132	entailment
3133	not_entailment
3134	entailment
3135	entailment
3136	entailment
3137	entailment
3138	entailment
3139	entailment
3140	entailment
3141	not_entailment
3142	entailment
3143	entailment
3144	entailment
3145	entailment
3146	not_entailment
3147	entailment
3148	entailment
3149	not_entailment
3150	entailment
3151	entailment
3152	entailment
3153	entailment
3154	entailment
3155	entailment
3156	entailment
3157	entailment
3158	not_entailment
3159	entailment
3160	entailment
3161	entailment
3162	entailment
3163	entailment
3164	not_entailment
3165	entailment
3166	entailment
3167	entailment
3168	entailment
3169	entailment
3170	entailment
3171	entailment
3172	not_entailment
3173	entailment
3174	entailment
3175	not_entailment
3176	not_entailment
3177	entailment
3178	entailment
3179	not_entailment
3180	entailment
3181	entailment
3182	not_entailment
3183	entailment
3184	entailment
3185	not_entailment
3186	entailment
3187	entailment
3188	entailment
3189	entailment
3190	not_entailment
3191	not_entailment
3192	entailment
3193	entailment
3194	entailment
3195	entailment
3196	not_entailment
3197	not_entailment
3198	not_entailment
3199	not_entailment
3200	entailment
3201	entailment
3202	entailment
3203	entailment
3204	entailment
3205	entailment
3206	not_entailment
3207	entailment
3208	not_entailment
3209	entailment
3210	entailment
3211	not_entailment
3212	not_entailment
3213	entailment
3214	not_entailment
3215	not_entailment
3216	entailment
3217	entailment
3218	entailment
3219	not_entailment
3220	entailment
3221	not_entailment
3222	entailment
3223	not_entailment
3224	entailment
3225	not_entailment
3226	entailment
3227	entailment
3228	entailment
3229	entailment
3230	not_entailment
3231	not_entailment
3232	entailment
3233	not_entailment
3234	not_entailment
3235	not_entailment
3236	not_entailment
3237	entailment
3238	entailment
3239	not_entailment
3240	entailment
3241	entailment
3242	entailment
3243	entailment
3244	entailment
3245	entailment
3246	entailment
3247	entailment
3248	not_entailment
3249	entailment
3250	entailment
3251	not_entailment
3252	entailment
3253	entailment
3254	entailment
3255	entailment
3256	entailment
3257	not_entailment
3258	entailment
3259	entailment
3260	not_entailment
3261	entailment
3262	entailment
3263	entailment
3264	not_entailment
3265	not_entailment
3266	entailment
3267	entailment
3268	not_entailment
3269	entailment
3270	not_entailment
3271	not_entailment
3272	entailment
3273	entailment
3274	not_entailment
3275	entailment
3276	not_entailment
3277	entailment
3278	entailment
3279	entailment
3280	entailment
3281	not_entailment
3282	entailment
3283	entailment
3284	entailment
3285	not_entailment
3286	entailment
3287	entailment
3288	entailment
3289	not_entailment
3290	not_entailment
3291	entailment
3292	not_entailment
3293	entailment
3294	entailment
3295	not_entailment
3296	entailment
3297	entailment
3298	not_entailment
3299	entailment
3300	entailment
3301	not_entailment
3302	not_entailment
3303	entailment
3304	entailment
3305	not_entailment
3306	not_entailment
3307	not_entailment
3308	not_entailment
3309	entailment
3310	entailment
3311	not_entailment
3312	not_entailment
3313	not_entailment
3314	entailment
3315	entailment
3316	entailment
3317	not_entailment
3318	entailment
3319	not_entailment
3320	not_entailment
3321	entailment
3322	not_entailment
3323	not_entailment
3324	entailment
3325	not_entailment
3326	entailment
3327	entailment
3328	entailment
3329	not_entailment
3330	entailment
3331	not_entailment
3332	entailment
3333	not_entailment
3334	entailment
3335	not_entailment
3336	not_entailment
3337	entailment
3338	entailment
3339	not_entailment
3340	not_entailment
3341	not_entailment
3342	entailment
3343	entailment
3344	entailment
3345	entailment
3346	entailment
3347	entailment
3348	entailment
3349	entailment
3350	entailment
3351	entailment
3352	entailment
3353	entailment
3354	not_entailment
3355	entailment
3356	entailment
3357	not_entailment
3358	entailment
3359	entailment
3360	not_entailment
3361	not_entailment
3362	entailment
3363	entailment
3364	entailment
3365	entailment
3366	entailment
3367	not_entailment
3368	not_entailment
3369	not_entailment
3370	entailment
3371	entailment
3372	entailment
3373	not_entailment
3374	not_entailment
3375	entailment
3376	entailment
3377	entailment
3378	entailment
3379	entailment
3380	entailment
3381	entailment
3382	entailment
3383	entailment
3384	not_entailment
3385	entailment
3386	entailment
3387	entailment
3388	entailment
3389	not_entailment
3390	entailment
3391	entailment
3392	entailment
3393	entailment
3394	entailment
3395	entailment
3396	entailment
3397	not_entailment
3398	entailment
3399	entailment
3400	entailment
3401	entailment
3402	entailment
3403	not_entailment
3404	entailment
3405	entailment
3406	not_entailment
3407	entailment
3408	not_entailment
3409	not_entailment
3410	not_entailment
3411	entailment
3412	entailment
3413	not_entailment
3414	not_entailment
3415	not_entailment
3416	entailment
3417	not_entailment
3418	entailment
3419	not_entailment
3420	entailment
3421	entailment
3422	not_entailment
3423	not_entailment
3424	entailment
3425	not_entailment
3426	not_entailment
3427	entailment
3428	entailment
3429	entailment
3430	not_entailment
3431	not_entailment
3432	entailment
3433	entailment
3434	not_entailment
3435	entailment
3436	entailment
3437	entailment
3438	not_entailment
3439	entailment
3440	entailment
3441	entailment
3442	entailment
3443	entailment
3444	not_entailment
3445	not_entailment
3446	not_entailment
3447	not_entailment
3448	not_entailment
3449	entailment
3450	entailment
3451	not_entailment
3452	entailment
3453	entailment
3454	not_entailment
3455	entailment
3456	entailment
3457	entailment
3458	entailment
3459	entailment
3460	entailment
3461	entailment
3462	not_entailment
3463	entailment
3464	entailment
3465	entailment
3466	not_entailment
3467	entailment
3468	entailment
3469	not_entailment
3470	not_entailment
3471	not_entailment
3472	entailment
3473	not_entailment
3474	entailment
3475	entailment
3476	entailment
3477	not_entailment
3478	not_entailment
3479	entailment
3480	entailment
3481	entailment
3482	entailment
3483	entailment
3484	not_entailment
3485	entailment
3486	entailment
3487	entailment
3488	not_entailment
3489	entailment
3490	not_entailment
3491	entailment
3492	entailment
3493	not_entailment
3494	entailment
3495	entailment
3496	entailment
3497	entailment
3498	not_entailment
3499	entailment
3500	not_entailment
3501	entailment
3502	entailment
3503	entailment
3504	not_entailment
3505	entailment
3506	entailment
3507	entailment
3508	entailment
3509	not_entailment
3510	entailment
3511	not_entailment
3512	entailment
3513	entailment
3514	entailment
3515	entailment
3516	entailment
3517	entailment
3518	not_entailment
3519	entailment
3520	entailment
3521	entailment
3522	entailment
3523	entailment
3524	not_entailment
3525	entailment
3526	entailment
3527	not_entailment
3528	entailment
3529	entailment
3530	entailment
3531	entailment
3532	entailment
3533	not_entailment
3534	entailment
3535	entailment
3536	entailment
3537	not_entailment
3538	not_entailment
3539	entailment
3540	not_entailment
3541	entailment
3542	not_entailment
3543	entailment
3544	not_entailment
3545	entailment
3546	not_entailment
3547	not_entailment
3548	entailment
3549	entailment
3550	entailment
3551	entailment
3552	entailment
3553	entailment
3554	not_entailment
3555	not_entailment
3556	entailment
3557	not_entailment
3558	entailment
3559	entailment
3560	not_entailment
3561	not_entailment
3562	entailment
3563	not_entailment
3564	not_entailment
3565	entailment
3566	entailment
3567	entailment
3568	entailment
3569	entailment
3570	entailment
3571	entailment
3572	entailment
3573	not_entailment
3574	entailment
3575	entailment
3576	not_entailment
3577	entailment
3578	entailment
3579	entailment
3580	entailment
3581	not_entailment
3582	entailment
3583	entailment
3584	not_entailment
3585	not_entailment
3586	not_entailment
3587	not_entailment
3588	entailment
3589	entailment
3590	not_entailment
3591	not_entailment
3592	entailment
3593	not_entailment
3594	entailment
3595	entailment
3596	entailment
3597	entailment
3598	entailment
3599	entailment
3600	not_entailment
3601	entailment
3602	not_entailment
3603	entailment
3604	entailment
3605	not_entailment
3606	entailment
3607	entailment
3608	not_entailment
3609	entailment
3610	not_entailment
3611	entailment
3612	entailment
3613	not_entailment
3614	entailment
3615	entailment
3616	entailment
3617	not_entailment
3618	not_entailment
3619	entailment
3620	not_entailment
3621	entailment
3622	entailment
3623	not_entailment
3624	entailment
3625	entailment
3626	entailment
3627	not_entailment
3628	entailment
3629	entailment
3630	entailment
3631	entailment
3632	not_entailment
3633	not_entailment
3634	entailment
3635	not_entailment
3636	not_entailment
3637	entailment
3638	entailment
3639	entailment
3640	not_entailment
3641	entailment
3642	entailment
3643	entailment
3644	not_entailment
3645	entailment
3646	entailment
3647	entailment
3648	entailment
3649	entailment
3650	entailment
3651	entailment
3652	not_entailment
3653	not_entailment
3654	entailment
3655	not_entailment
3656	not_entailment
3657	entailment
3658	entailment
3659	not_entailment
3660	entailment
3661	not_entailment
3662	not_entailment
3663	not_entailment
3664	not_entailment
3665	entailment
3666	entailment
3667	entailment
3668	not_entailment
3669	entailment
3670	not_entailment
3671	not_entailment
3672	not_entailment
3673	not_entailment
3674	entailment
3675	entailment
3676	entailment
3677	entailment
3678	not_entailment
3679	not_entailment
3680	entailment
3681	entailment
3682	entailment
3683	not_entailment
3684	entailment
3685	not_entailment
3686	entailment
3687	not_entailment
3688	entailment
3689	not_entailment
3690	entailment
3691	entailment
3692	entailment
3693	entailment
3694	entailment
3695	not_entailment
3696	entailment
3697	entailment
3698	not_entailment
3699	entailment
3700	not_entailment
3701	not_entailment
3702	not_entailment
3703	entailment
3704	entailment
3705	entailment
3706	entailment
3707	entailment
3708	entailment
3709	not_entailment
3710	entailment
3711	entailment
3712	not_entailment
3713	not_entailment
3714	entailment
3715	not_entailment
3716	entailment
3717	entailment
3718	entailment
3719	not_entailment
3720	entailment
3721	entailment
3722	entailment
3723	entailment
3724	entailment
3725	not_entailment
3726	entailment
3727	entailment
3728	entailment
3729	entailment
3730	entailment
3731	entailment
3732	not_entailment
3733	entailment
3734	not_entailment
3735	entailment
3736	entailment
3737	entailment
3738	entailment
3739	not_entailment
3740	entailment
3741	not_entailment
3742	entailment
3743	entailment
3744	not_entailment
3745	entailment
3746	not_entailment
3747	entailment
3748	entailment
3749	entailment
3750	entailment
3751	entailment
3752	entailment
3753	not_entailment
3754	not_entailment
3755	not_entailment
3756	not_entailment
3757	not_entailment
3758	entailment
3759	entailment
3760	entailment
3761	not_entailment
3762	not_entailment
3763	entailment
3764	entailment
3765	entailment
3766	entailment
3767	entailment
3768	entailment
3769	entailment
3770	entailment
3771	entailment
3772	entailment
3773	entailment
3774	entailment
3775	not_entailment
3776	entailment
3777	entailment
3778	entailment
3779	entailment
3780	entailment
3781	not_entailment
3782	not_entailment
3783	not_entailment
3784	entailment
3785	entailment
3786	entailment
3787	entailment
3788	not_entailment
3789	not_entailment
3790	entailment
3791	not_entailment
3792	not_entailment
3793	not_entailment
3794	not_entailment
3795	entailment
3796	entailment
3797	entailment
3798	entailment
3799	not_entailment
3800	entailment
3801	not_entailment
3802	entailment
3803	not_entailment
3804	entailment
3805	entailment
3806	not_entailment
3807	entailment
3808	not_entailment
3809	entailment
3810	entailment
3811	entailment
3812	not_entailment
3813	entailment
3814	entailment
3815	entailment
3816	entailment
3817	entailment
3818	entailment
3819	entailment
3820	not_entailment
3821	entailment
3822	entailment
3823	not_entailment
3824	entailment
3825	not_entailment
3826	not_entailment
3827	entailment
3828	entailment
3829	entailment
3830	entailment
3831	entailment
3832	entailment
3833	not_entailment
3834	entailment
3835	entailment
3836	entailment
3837	not_entailment
3838	entailment
3839	entailment
3840	entailment
3841	entailment
3842	entailment
3843	not_entailment
3844	entailment
3845	not_entailment
3846	entailment
3847	not_entailment
3848	entailment
3849	entailment
3850	not_entailment
3851	not_entailment
3852	entailment
3853	not_entailment
3854	entailment
3855	not_entailment
3856	entailment
3857	entailment
3858	entailment
3859	entailment
3860	entailment
3861	not_entailment
3862	entailment
3863	not_entailment
3864	not_entailment
3865	not_entailment
3866	entailment
3867	not_entailment
3868	entailment
3869	not_entailment
3870	not_entailment
3871	entailment
3872	entailment
3873	entailment
3874	entailment
3875	entailment
3876	entailment
3877	entailment
3878	entailment
3879	entailment
3880	entailment
3881	not_entailment
3882	entailment
3883	entailment
3884	entailment
3885	entailment
3886	not_entailment
3887	entailment
3888	entailment
3889	entailment
3890	not_entailment
3891	entailment
3892	entailment
3893	not_entailment
3894	entailment
3895	not_entailment
3896	not_entailment
3897	entailment
3898	not_entailment
3899	entailment
3900	entailment
3901	not_entailment
3902	entailment
3903	entailment
3904	entailment
3905	entailment
3906	entailment
3907	entailment
3908	entailment
3909	entailment
3910	entailment
3911	entailment
3912	not_entailment
3913	entailment
3914	entailment
3915	entailment
3916	not_entailment
3917	entailment
3918	not_entailment
3919	entailment
3920	not_entailment
3921	entailment
3922	not_entailment
3923	entailment
3924	entailment
3925	entailment
3926	not_entailment
3927	entailment
3928	entailment
3929	not_entailment
3930	entailment
3931	entailment
3932	entailment
3933	entailment
3934	entailment
3935	entailment
3936	not_entailment
3937	entailment
3938	entailment
3939	entailment
3940	not_entailment
3941	not_entailment
3942	entailment
3943	not_entailment
3944	entailment
3945	not_entailment
3946	not_entailment
3947	entailment
3948	not_entailment
3949	entailment
3950	entailment
3951	not_entailment
3952	entailment
3953	entailment
3954	entailment
3955	entailment
3956	not_entailment
3957	not_entailment
3958	not_entailment
3959	entailment
3960	not_entailment
3961	entailment
3962	not_entailment
3963	entailment
3964	not_entailment
3965	entailment
3966	entailment
3967	not_entailment
3968	entailment
3969	not_entailment
3970	entailment
3971	not_entailment
3972	entailment
3973	entailment
3974	entailment
3975	not_entailment
3976	not_entailment
3977	not_entailment
3978	entailment
3979	entailment
3980	not_entailment
3981	not_entailment
3982	entailment
3983	entailment
3984	entailment
3985	not_entailment
3986	entailment
3987	not_entailment
3988	entailment
3989	not_entailment
3990	entailment
3991	entailment
3992	not_entailment
3993	entailment
3994	not_entailment
3995	entailment
3996	entailment
3997	entailment
3998	entailment
3999	entailment
4000	entailment
4001	entailment
4002	entailment
4003	entailment
4004	entailment
4005	entailment
4006	entailment
4007	entailment
4008	entailment
4009	not_entailment
4010	entailment
4011	entailment
4012	not_entailment
4013	entailment
4014	not_entailment
4015	entailment
4016	entailment
4017	entailment
4018	entailment
4019	not_entailment
4020	entailment
4021	not_entailment
4022	not_entailment
4023	entailment
4024	entailment
4025	not_entailment
4026	entailment
4027	entailment
4028	entailment
4029	not_entailment
4030	entailment
4031	entailment
4032	entailment
4033	not_entailment
4034	not_entailment
4035	entailment
4036	entailment
4037	entailment
4038	not_entailment
4039	not_entailment
4040	entailment
4041	entailment
4042	not_entailment
4043	entailment
4044	entailment
4045	entailment
4046	entailment
4047	not_entailment
4048	entailment
4049	entailment
4050	entailment
4051	entailment
4052	entailment
4053	entailment
4054	not_entailment
4055	not_entailment
4056	entailment
4057	entailment
4058	entailment
4059	entailment
4060	not_entailment
4061	entailment
4062	entailment
4063	entailment
4064	entailment
4065	entailment
4066	not_entailment
4067	not_entailment
4068	entailment
4069	not_entailment
4070	entailment
4071	entailment
4072	entailment
4073	not_entailment
4074	entailment
4075	entailment
4076	entailment
4077	not_entailment
4078	not_entailment
4079	entailment
4080	not_entailment
4081	entailment
4082	entailment
4083	entailment
4084	not_entailment
4085	not_entailment
4086	entailment
4087	not_entailment
4088	not_entailment
4089	entailment
4090	entailment
4091	entailment
4092	entailment
4093	entailment
4094	not_entailment
4095	entailment
4096	entailment
4097	entailment
4098	entailment
4099	entailment
4100	entailment
4101	entailment
4102	entailment
4103	entailment
4104	entailment
4105	entailment
4106	entailment
4107	entailment
4108	entailment
4109	not_entailment
4110	entailment
4111	entailment
4112	not_entailment
4113	entailment
4114	entailment
4115	entailment
4116	not_entailment
4117	entailment
4118	not_entailment
4119	entailment
4120	entailment
4121	entailment
4122	entailment
4123	not_entailment
4124	entailment
4125	not_entailment
4126	entailment
4127	not_entailment
4128	entailment
4129	entailment
4130	not_entailment
4131	entailment
4132	entailment
4133	not_entailment
4134	not_entailment
4135	entailment
4136	entailment
4137	entailment
4138	entailment
4139	entailment
4140	not_entailment
4141	entailment
4142	not_entailment
4143	not_entailment
4144	entailment
4145	entailment
4146	not_entailment
4147	entailment
4148	entailment
4149	entailment
4150	not_entailment
4151	entailment
4152	not_entailment
4153	not_entailment
4154	entailment
4155	entailment
4156	not_entailment
4157	entailment
4158	entailment
4159	entailment
4160	entailment
4161	entailment
4162	entailment
4163	entailment
4164	entailment
4165	entailment
4166	entailment
4167	entailment
4168	entailment
4169	not_entailment
4170	not_entailment
4171	entailment
4172	not_entailment
4173	entailment
4174	entailment
4175	entailment
4176	not_entailment
4177	entailment
4178	entailment
4179	not_entailment
4180	entailment
4181	entailment
4182	not_entailment
4183	entailment
4184	entailment
4185	not_entailment
4186	entailment
4187	entailment
4188	not_entailment
4189	entailment
4190	not_entailment
4191	entailment
4192	entailment
4193	not_entailment
4194	not_entailment
4195	not_entailment
4196	not_entailment
4197	entailment
4198	entailment
4199	entailment
4200	not_entailment
4201	not_entailment
4202	entailment
4203	not_entailment
4204	entailment
4205	entailment
4206	entailment
4207	entailment
4208	not_entailment
4209	entailment
4210	not_entailment
4211	not_entailment
4212	entailment
4213	not_entailment
4214	entailment
4215	not_entailment
4216	entailment
4217	entailment
4218	entailment
4219	entailment
4220	entailment
4221	entailment
4222	not_entailment
4223	not_entailment
4224	not_entailment
4225	not_entailment
4226	not_entailment
4227	entailment
4228	not_entailment
4229	entailment
4230	not_entailment
4231	not_entailment
4232	not_entailment
4233	entailment
4234	entailment
4235	entailment
4236	not_entailment
4237	not_entailment
4238	not_entailment
4239	entailment
4240	not_entailment
4241	entailment
4242	not_entailment
4243	entailment
4244	not_entailment
4245	entailment
4246	entailment
4247	entailment
4248	entailment
4249	entailment
4250	not_entailment
4251	not_entailment
4252	entailment
4253	entailment
4254	entailment
4255	entailment
4256	not_entailment
4257	entailment
4258	entailment
4259	entailment
4260	not_entailment
4261	entailment
4262	not_entailment
4263	not_entailment
4264	not_entailment
4265	entailment
4266	not_entailment
4267	not_entailment
4268	entailment
4269	not_entailment
4270	entailment
4271	entailment
4272	entailment
4273	not_entailment
4274	not_entailment
4275	entailment
4276	not_entailment
4277	entailment
4278	entailment
4279	not_entailment
4280	not_entailment
4281	entailment
4282	entailment
4283	entailment
4284	not_entailment
4285	not_entailment
4286	entailment
4287	entailment
4288	entailment
4289	entailment
4290	not_entailment
4291	entailment
4292	not_entailment
4293	entailment
4294	entailment
4295	entailment
4296	entailment
4297	entailment
4298	entailment
4299	entailment
4300	entailment
4301	entailment
4302	entailment
4303	not_entailment
4304	entailment
4305	entailment
4306	entailment
4307	not_entailment
4308	entailment
4309	entailment
4310	not_entailment
4311	not_entailment
4312	entailment
4313	not_entailment
4314	entailment
4315	entailment
4316	entailment
4317	not_entailment
4318	not_entailment
4319	entailment
4320	not_entailment
4321	entailment
4322	not_entailment
4323	entailment
4324	not_entailment
4325	entailment
4326	entailment
4327	not_entailment
4328	not_entailment
4329	entailment
4330	entailment
4331	entailment
4332	entailment
4333	entailment
4334	entailment
4335	entailment
4336	entailment
4337	entailment
4338	not_entailment
4339	not_entailment
4340	entailment
4341	entailment
4342	entailment
4343	not_entailment
4344	entailment
4345	not_entailment
4346	not_entailment
4347	entailment
4348	entailment
4349	entailment
4350	not_entailment
4351	entailment
4352	entailment
4353	entailment
4354	entailment
4355	entailment
4356	not_entailment
4357	not_entailment
4358	not_entailment
4359	entailment
4360	entailment
4361	entailment
4362	entailment
4363	not_entailment
4364	not_entailment
4365	not_entailment
4366	entailment
4367	entailment
4368	not_entailment
4369	not_entailment
4370	not_entailment
4371	entailment
4372	entailment
4373	entailment
4374	not_entailment
4375	entailment
4376	entailment
4377	entailment
4378	entailment
4379	not_entailment
4380	entailment
4381	not_entailment
4382	entailment
4383	not_entailment
4384	entailment
4385	entailment
4386	entailment
4387	entailment
4388	entailment
4389	not_entailment
4390	not_entailment
4391	not_entailment
4392	entailment
4393	entailment
4394	entailment
4395	entailment
4396	entailment
4397	entailment
4398	not_entailment
4399	entailment
4400	entailment
4401	entailment
4402	entailment
4403	entailment
4404	entailment
4405	not_entailment
4406	not_entailment
4407	entailment
4408	not_entailment
4409	entailment
4410	entailment
4411	entailment
4412	entailment
4413	entailment
4414	entailment
4415	entailment
4416	not_entailment
4417	entailment
4418	entailment
4419	entailment
4420	entailment
4421	not_entailment
4422	not_entailment
4423	entailment
4424	not_entailment
4425	entailment
4426	entailment
4427	entailment
4428	entailment
4429	entailment
4430	not_entailment
4431	entailment
4432	not_entailment
4433	entailment
4434	not_entailment
4435	entailment
4436	entailment
4437	not_entailment
4438	entailment
4439	entailment
4440	entailment
4441	not_entailment
4442	entailment
4443	not_entailment
4444	entailment
4445	entailment
4446	not_entailment
4447	not_entailment
4448	not_entailment
4449	not_entailment
4450	entailment
4451	not_entailment
4452	entailment
4453	entailment
4454	entailment
4455	not_entailment
4456	not_entailment
4457	entailment
4458	entailment
4459	entailment
4460	entailment
4461	not_entailment
4462	entailment
4463	entailment
4464	not_entailment
4465	not_entailment
4466	entailment
4467	entailment
4468	not_entailment
4469	entailment
4470	not_entailment
4471	not_entailment
4472	entailment
4473	entailment
4474	not_entailment
4475	not_entailment
4476	entailment
4477	entailment
4478	entailment
4479	not_entailment
4480	not_entailment
4481	not_entailment
4482	entailment
4483	entailment
4484	entailment
4485	entailment
4486	entailment
4487	entailment
4488	not_entailment
4489	entailment
4490	entailment
4491	entailment
4492	entailment
4493	entailment
4494	entailment
4495	not_entailment
4496	entailment
4497	entailment
4498	not_entailment
4499	entailment
4500	entailment
4501	not_entailment
4502	entailment
4503	entailment
4504	entailment
4505	entailment
4506	entailment
4507	entailment
4508	entailment
4509	not_entailment
4510	not_entailment
4511	entailment
4512	not_entailment
4513	entailment
4514	entailment
4515	entailment
4516	entailment
4517	not_entailment
4518	entailment
4519	entailment
4520	not_entailment
4521	not_entailment
4522	entailment
4523	entailment
4524	entailment
4525	not_entailment
4526	entailment
4527	entailment
4528	entailment
4529	entailment
4530	entailment
4531	not_entailment
4532	entailment
4533	entailment
4534	entailment
4535	entailment
4536	entailment
4537	not_entailment
4538	entailment
4539	entailment
4540	not_entailment
4541	not_entailment
4542	entailment
4543	not_entailment
4544	entailment
4545	not_entailment
4546	entailment
4547	not_entailment
4548	entailment
4549	not_entailment
4550	not_entailment
4551	entailment
4552	entailment
4553	entailment
4554	entailment
4555	entailment
4556	entailment
4557	entailment
4558	entailment
4559	not_entailment
4560	not_entailment
4561	entailment
4562	not_entailment
4563	not_entailment
4564	entailment
4565	not_entailment
4566	entailment
4567	entailment
4568	entailment
4569	entailment
4570	not_entailment
4571	not_entailment
4572	entailment
4573	entailment
4574	entailment
4575	entailment
4576	entailment
4577	entailment
4578	entailment
4579	entailment
4580	not_entailment
4581	entailment
4582	entailment
4583	entailment
4584	entailment
4585	entailment
4586	entailment
4587	entailment
4588	entailment
4589	entailment
4590	entailment
4591	not_entailment
4592	entailment
4593	entailment
4594	not_entailment
4595	not_entailment
4596	not_entailment
4597	entailment
4598	entailment
4599	entailment
4600	entailment
4601	not_entailment
4602	not_entailment
4603	entailment
4604	not_entailment
4605	entailment
4606	entailment
4607	entailment
4608	not_entailment
4609	entailment
4610	entailment
4611	entailment
4612	not_entailment
4613	not_entailment
4614	entailment
4615	not_entailment
4616	entailment
4617	not_entailment
4618	not_entailment
4619	entailment
4620	entailment
4621	entailment
4622	entailment
4623	entailment
4624	entailment
4625	entailment
4626	entailment
4627	not_entailment
4628	entailment
4629	not_entailment
4630	not_entailment
4631	entailment
4632	entailment
4633	entailment
4634	entailment
4635	not_entailment
4636	not_entailment
4637	entailment
4638	entailment
4639	entailment
4640	entailment
4641	not_entailment
4642	entailment
4643	entailment
4644	not_entailment
4645	entailment
4646	not_entailment
4647	not_entailment
4648	entailment
4649	entailment
4650	entailment
4651	not_entailment
4652	not_entailment
4653	entailment
4654	entailment
4655	entailment
4656	entailment
4657	not_entailment
4658	entailment
4659	not_entailment
4660	entailment
4661	entailment
4662	entailment
4663	entailment
4664	entailment
4665	entailment
4666	not_entailment
4667	entailment
4668	entailment
4669	not_entailment
4670	not_entailment
4671	not_entailment
4672	entailment
4673	entailment
4674	entailment
4675	entailment
4676	entailment
4677	entailment
4678	entailment
4679	entailment
4680	entailment
4681	entailment
4682	entailment
4683	not_entailment
4684	entailment
4685	entailment
4686	entailment
4687	entailment
4688	not_entailment
4689	not_entailment
4690	entailment
4691	entailment
4692	entailment
4693	not_entailment
4694	entailment
4695	entailment
4696	entailment
4697	entailment
4698	not_entailment
4699	not_entailment
4700	entailment
4701	entailment
4702	not_entailment
4703	entailment
4704	entailment
4705	not_entailment
4706	entailment
4707	not_entailment
4708	entailment
4709	not_entailment
4710	not_entailment
4711	entailment
4712	not_entailment
4713	entailment
4714	entailment
4715	not_entailment
4716	entailment
4717	entailment
4718	entailment
4719	not_entailment
4720	entailment
4721	entailment
4722	entailment
4723	entailment
4724	not_entailment
4725	not_entailment
4726	not_entailment
4727	entailment
4728	entailment
4729	entailment
4730	not_entailment
4731	not_entailment
4732	entailment
4733	entailment
4734	entailment
4735	entailment
4736	entailment
4737	not_entailment
4738	entailment
4739	not_entailment
4740	entailment
4741	not_entailment
4742	not_entailment
4743	not_entailment
4744	entailment
4745	not_entailment
4746	entailment
4747	entailment
4748	not_entailment
4749	entailment
4750	entailment
4751	not_entailment
4752	entailment
4753	entailment
4754	entailment
4755	not_entailment
4756	entailment
4757	entailment
4758	not_entailment
4759	not_entailment
4760	entailment
4761	not_entailment
4762	entailment
4763	not_entailment
4764	entailment
4765	not_entailment
4766	entailment
4767	not_entailment
4768	entailment
4769	entailment
4770	entailment
4771	entailment
4772	entailment
4773	entailment
4774	entailment
4775	not_entailment
4776	entailment
4777	entailment
4778	not_entailment
4779	entailment
4780	entailment
4781	entailment
4782	not_entailment
4783	entailment
4784	not_entailment
4785	not_entailment
4786	not_entailment
4787	entailment
4788	entailment
4789	entailment
4790	entailment
4791	entailment
4792	entailment
4793	entailment
4794	entailment
4795	not_entailment
4796	entailment
4797	not_entailment
4798	entailment
4799	entailment
4800	not_entailment
4801	entailment
4802	not_entailment
4803	entailment
4804	entailment
4805	entailment
4806	entailment
4807	entailment
4808	not_entailment
4809	entailment
4810	entailment
4811	entailment
4812	not_entailment
4813	entailment
4814	not_entailment
4815	not_entailment
4816	entailment
4817	entailment
4818	not_entailment
4819	entailment
4820	not_entailment
4821	entailment
4822	entailment
4823	entailment
4824	not_entailment
4825	entailment
4826	entailment
4827	not_entailment
4828	entailment
4829	entailment
4830	entailment
4831	entailment
4832	not_entailment
4833	entailment
4834	entailment
4835	not_entailment
4836	not_entailment
4837	entailment
4838	not_entailment
4839	entailment
4840	entailment
4841	not_entailment
4842	entailment
4843	entailment
4844	entailment
4845	not_entailment
4846	entailment
4847	entailment
4848	not_entailment
4849	entailment
4850	not_entailment
4851	entailment
4852	not_entailment
4853	entailment
4854	not_entailment
4855	entailment
4856	not_entailment
4857	entailment
4858	not_entailment
4859	entailment
4860	entailment
4861	entailment
4862	entailment
4863	entailment
4864	not_entailment
4865	entailment
4866	not_entailment
4867	entailment
4868	entailment
4869	entailment
4870	not_entailment
4871	entailment
4872	not_entailment
4873	not_entailment
4874	entailment
4875	not_entailment
4876	entailment
4877	entailment
4878	entailment
4879	not_entailment
4880	not_entailment
4881	entailment
4882	entailment
4883	entailment
4884	entailment
4885	not_entailment
4886	entailment
4887	not_entailment
4888	entailment
4889	entailment
4890	entailment
4891	not_entailment
4892	entailment
4893	entailment
4894	not_entailment
4895	entailment
4896	entailment
4897	entailment
4898	entailment
4899	entailment
4900	not_entailment
4901	entailment
4902	entailment
4903	not_entailment
4904	not_entailment
4905	entailment
4906	entailment
4907	entailment
4908	entailment
4909	entailment
4910	entailment
4911	entailment
4912	entailment
4913	not_entailment
4914	entailment
4915	entailment
4916	not_entailment
4917	entailment
4918	entailment
4919	entailment
4920	not_entailment
4921	entailment
4922	not_entailment
4923	entailment
4924	not_entailment
4925	entailment
4926	entailment
4927	not_entailment
4928	entailment
4929	entailment
4930	not_entailment
4931	not_entailment
4932	not_entailment
4933	entailment
4934	entailment
4935	entailment
4936	not_entailment
4937	entailment
4938	not_entailment
4939	entailment
4940	entailment
4941	entailment
4942	entailment
4943	entailment
4944	entailment
4945	not_entailment
4946	entailment
4947	entailment
4948	entailment
4949	not_entailment
4950	entailment
4951	not_entailment
4952	entailment
4953	not_entailment
4954	entailment
4955	entailment
4956	entailment
4957	not_entailment
4958	entailment
4959	entailment
4960	entailment
4961	entailment
4962	entailment
4963	entailment
4964	entailment
4965	not_entailment
4966	not_entailment
4967	entailment
4968	entailment
4969	entailment
4970	entailment
4971	not_entailment
4972	entailment
4973	entailment
4974	entailment
4975	entailment
4976	entailment
4977	not_entailment
4978	not_entailment
4979	not_entailment
4980	entailment
4981	entailment
4982	entailment
4983	not_entailment
4984	not_entailment
4985	entailment
4986	entailment
4987	entailment
4988	entailment
4989	not_entailment
4990	not_entailment
4991	entailment
4992	entailment
4993	entailment
4994	entailment
4995	entailment
4996	entailment
4997	entailment
4998	entailment
4999	not_entailment
5000	entailment
5001	entailment
5002	not_entailment
5003	entailment
5004	not_entailment
5005	not_entailment
5006	entailment
5007	not_entailment
5008	entailment
5009	not_entailment
5010	entailment
5011	not_entailment
5012	not_entailment
5013	entailment
5014	entailment
5015	not_entailment
5016	entailment
5017	not_entailment
5018	not_entailment
5019	entailment
5020	entailment
5021	entailment
5022	entailment
5023	not_entailment
5024	entailment
5025	entailment
5026	entailment
5027	not_entailment
5028	not_entailment
5029	entailment
5030	not_entailment
5031	not_entailment
5032	not_entailment
5033	not_entailment
5034	entailment
5035	entailment
5036	not_entailment
5037	not_entailment
5038	entailment
5039	entailment
5040	entailment
5041	entailment
5042	not_entailment
5043	not_entailment
5044	entailment
5045	not_entailment
5046	entailment
5047	entailment
5048	not_entailment
5049	entailment
5050	entailment
5051	entailment
5052	entailment
5053	not_entailment
5054	entailment
5055	not_entailment
5056	not_entailment
5057	not_entailment
5058	entailment
5059	entailment
5060	not_entailment
5061	entailment
5062	entailment
5063	not_entailment
5064	entailment
5065	entailment
5066	entailment
5067	entailment
5068	not_entailment
5069	entailment
5070	entailment
5071	entailment
5072	not_entailment
5073	not_entailment
5074	entailment
5075	entailment
5076	entailment
5077	entailment
5078	entailment
5079	not_entailment
5080	entailment
5081	entailment
5082	entailment
5083	not_entailment
5084	entailment
5085	not_entailment
5086	entailment
5087	entailment
5088	entailment
5089	entailment
5090	entailment
5091	entailment
5092	not_entailment
5093	entailment
5094	not_entailment
5095	not_entailment
5096	entailment
5097	entailment
5098	entailment
5099	entailment
5100	entailment
5101	not_entailment
5102	entailment
5103	not_entailment
5104	entailment
5105	entailment
5106	entailment
5107	entailment
5108	not_entailment
5109	entailment
5110	entailment
5111	entailment
5112	not_entailment
5113	entailment
5114	not_entailment
5115	entailment
5116	entailment
5117	entailment
5118	not_entailment
5119	entailment
5120	not_entailment
5121	entailment
5122	not_entailment
5123	not_entailment
5124	not_entailment
5125	entailment
5126	entailment
5127	entailment
5128	not_entailment
5129	entailment
5130	entailment
5131	entailment
5132	not_entailment
5133	not_entailment
5134	entailment
5135	entailment
5136	entailment
5137	entailment
5138	entailment
5139	entailment
5140	not_entailment
5141	entailment
5142	entailment
5143	not_entailment
5144	entailment
5145	not_entailment
5146	not_entailment
5147	entailment
5148	entailment
5149	not_entailment
5150	not_entailment
5151	not_entailment
5152	not_entailment
5153	entailment
5154	entailment
5155	not_entailment
5156	entailment
5157	entailment
5158	not_entailment
5159	entailment
5160	not_entailment
5161	entailment
5162	entailment
5163	entailment
5164	entailment
5165	not_entailment
5166	entailment
5167	entailment
5168	not_entailment
5169	entailment
5170	not_entailment
5171	entailment
5172	entailment
5173	not_entailment
5174	entailment
5175	not_entailment
5176	entailment
5177	not_entailment
5178	not_entailment
5179	entailment
5180	entailment
5181	entailment
5182	entailment
5183	entailment
5184	entailment
5185	not_entailment
5186	entailment
5187	not_entailment
5188	entailment
5189	not_entailment
5190	entailment
5191	entailment
5192	not_entailment
5193	not_entailment
5194	not_entailment
5195	entailment
5196	entailment
5197	entailment
5198	not_entailment
5199	entailment
5200	not_entailment
5201	entailment
5202	not_entailment
5203	not_entailment
5204	not_entailment
5205	not_entailment
5206	not_entailment
5207	entailment
5208	entailment
5209	entailment
5210	not_entailment
5211	entailment
5212	not_entailment
5213	entailment
5214	not_entailment
5215	not_entailment
5216	not_entailment
5217	not_entailment
5218	entailment
5219	entailment
5220	entailment
5221	not_entailment
5222	entailment
5223	entailment
5224	entailment
5225	entailment
5226	not_entailment
5227	not_entailment
5228	entailment
5229	not_entailment
5230	entailment
5231	entailment
5232	not_entailment
5233	entailment
5234	not_entailment
5235	entailment
5236	entailment
5237	entailment
5238	not_entailment
5239	entailment
5240	entailment
5241	entailment
5242	not_entailment
5243	not_entailment
5244	entailment
5245	entailment
5246	entailment
5247	entailment
5248	entailment
5249	entailment
5250	entailment
5251	entailment
5252	entailment
5253	entailment
5254	entailment
5255	entailment
5256	not_entailment
5257	entailment
5258	entailment
5259	entailment
5260	not_entailment
5261	not_entailment
5262	entailment
5263	entailment
5264	entailment
5265	entailment
5266	not_entailment
5267	entailment
5268	not_entailment
5269	not_entailment
5270	entailment
5271	not_entailment
5272	not_entailment
5273	entailment
5274	entailment
5275	entailment
5276	not_entailment
5277	not_entailment
5278	entailment
5279	entailment
5280	not_entailment
5281	not_entailment
5282	entailment
5283	entailment
5284	not_entailment
5285	not_entailment
5286	not_entailment
5287	entailment
5288	entailment
5289	not_entailment
5290	entailment
5291	entailment
5292	not_entailment
5293	not_entailment
5294	not_entailment
5295	not_entailment
5296	entailment
5297	entailment
5298	not_entailment
5299	entailment
5300	not_entailment
5301	entailment
5302	not_entailment
5303	entailment
5304	entailment
5305	entailment
5306	entailment
5307	entailment
5308	entailment
5309	entailment
5310	not_entailment
5311	not_entailment
5312	entailment
5313	not_entailment
5314	not_entailment
5315	entailment
5316	entailment
5317	entailment
5318	entailment
5319	not_entailment
5320	not_entailment
5321	not_entailment
5322	entailment
5323	entailment
5324	entailment
5325	entailment
5326	not_entailment
5327	entailment
5328	entailment
5329	not_entailment
5330	entailment
5331	not_entailment
5332	not_entailment
5333	entailment
5334	entailment
5335	entailment
5336	not_entailment
5337	not_entailment
5338	not_entailment
5339	not_entailment
5340	entailment
5341	entailment
5342	not_entailment
5343	not_entailment
5344	entailment
5345	not_entailment
5346	not_entailment
5347	not_entailment
5348	entailment
5349	entailment
5350	entailment
5351	not_entailment
5352	not_entailment
5353	entailment
5354	entailment
5355	not_entailment
5356	not_entailment
5357	entailment
5358	not_entailment
5359	not_entailment
5360	entailment
5361	entailment
5362	not_entailment
5363	not_entailment
5364	entailment
5365	not_entailment
5366	entailment
5367	entailment
5368	not_entailment
5369	entailment
5370	entailment
5371	not_entailment
5372	entailment
5373	entailment
5374	entailment
5375	not_entailment
5376	entailment
5377	entailment
5378	entailment
5379	entailment
5380	entailment
5381	entailment
5382	entailment
5383	entailment
5384	not_entailment
5385	entailment
5386	not_entailment
5387	not_entailment
5388	entailment
5389	entailment
5390	not_entailment
5391	entailment
5392	not_entailment
5393	not_entailment
5394	entailment
5395	entailment
5396	entailment
5397	not_entailment
5398	entailment
5399	not_entailment
5400	entailment
5401	not_entailment
5402	entailment
5403	not_entailment
5404	entailment
5405	entailment
5406	entailment
5407	entailment
5408	not_entailment
5409	entailment
5410	entailment
5411	entailment
5412	not_entailment
5413	not_entailment
5414	not_entailment
5415	entailment
5416	entailment
5417	entailment
5418	not_entailment
5419	not_entailment
5420	entailment
5421	entailment
5422	not_entailment
5423	entailment
5424	entailment
5425	entailment
5426	entailment
5427	not_entailment
5428	entailment
5429	entailment
5430	entailment
5431	not_entailment
5432	entailment
5433	entailment
5434	entailment
5435	entailment
5436	entailment
5437	entailment
5438	not_entailment
5439	not_entailment
5440	not_entailment
5441	entailment
5442	entailment
5443	not_entailment
5444	entailment
5445	entailment
5446	not_entailment
5447	entailment
5448	entailment
5449	entailment
5450	not_entailment
5451	entailment
5452	entailment
5453	entailment
5454	entailment
5455	entailment
5456	entailment
5457	not_entailment
5458	entailment
5459	entailment
5460	entailment
5461	not_entailment
5462	entailment
