index	prediction
0	entailment
1	not_entailment
2	not_entailment
3	entailment
4	entailment
5	entailment
6	not_entailment
7	entailment
8	not_entailment
9	entailment
10	entailment
11	entailment
12	entailment
13	not_entailment
14	entailment
15	entailment
16	entailment
17	entailment
18	entailment
19	entailment
20	entailment
21	not_entailment
22	entailment
23	not_entailment
24	entailment
25	not_entailment
26	not_entailment
27	not_entailment
28	not_entailment
29	entailment
30	not_entailment
31	entailment
32	entailment
33	entailment
34	not_entailment
35	entailment
36	entailment
37	entailment
38	entailment
39	entailment
40	entailment
41	entailment
42	entailment
43	entailment
44	entailment
45	entailment
46	entailment
47	entailment
48	not_entailment
49	not_entailment
50	not_entailment
51	entailment
52	entailment
53	not_entailment
54	not_entailment
55	entailment
56	entailment
57	entailment
58	entailment
59	entailment
60	entailment
61	entailment
62	not_entailment
63	entailment
64	not_entailment
65	entailment
66	not_entailment
67	entailment
68	entailment
69	not_entailment
70	entailment
71	not_entailment
72	entailment
73	entailment
74	entailment
75	entailment
76	not_entailment
77	entailment
78	entailment
79	not_entailment
80	entailment
81	not_entailment
82	not_entailment
83	not_entailment
84	not_entailment
85	not_entailment
86	entailment
87	entailment
88	entailment
89	entailment
90	entailment
91	entailment
92	not_entailment
93	not_entailment
94	entailment
95	entailment
96	entailment
97	entailment
98	entailment
99	not_entailment
100	not_entailment
101	entailment
102	not_entailment
103	not_entailment
104	entailment
105	not_entailment
106	entailment
107	entailment
108	not_entailment
109	entailment
110	entailment
111	not_entailment
112	entailment
113	not_entailment
114	entailment
115	not_entailment
116	entailment
117	entailment
118	entailment
119	entailment
120	entailment
121	entailment
122	entailment
123	not_entailment
124	not_entailment
125	not_entailment
126	not_entailment
127	not_entailment
128	not_entailment
129	entailment
130	not_entailment
131	not_entailment
132	not_entailment
133	entailment
134	entailment
135	entailment
136	not_entailment
137	entailment
138	not_entailment
139	not_entailment
140	entailment
141	entailment
142	entailment
143	entailment
144	not_entailment
145	entailment
146	not_entailment
147	entailment
148	entailment
149	entailment
150	entailment
151	entailment
152	not_entailment
153	not_entailment
154	not_entailment
155	entailment
156	not_entailment
157	entailment
158	entailment
159	entailment
160	not_entailment
161	entailment
162	not_entailment
163	not_entailment
164	not_entailment
165	entailment
166	not_entailment
167	entailment
168	not_entailment
169	not_entailment
170	not_entailment
171	not_entailment
172	not_entailment
173	entailment
174	not_entailment
175	not_entailment
176	not_entailment
177	entailment
178	entailment
179	not_entailment
180	entailment
181	entailment
182	entailment
183	entailment
184	not_entailment
185	not_entailment
186	not_entailment
187	not_entailment
188	entailment
189	not_entailment
190	entailment
191	entailment
192	not_entailment
193	entailment
194	not_entailment
195	entailment
196	entailment
197	not_entailment
198	not_entailment
199	not_entailment
200	entailment
201	entailment
202	not_entailment
203	entailment
204	entailment
205	not_entailment
206	entailment
207	entailment
208	not_entailment
209	not_entailment
210	entailment
211	entailment
212	entailment
213	entailment
214	entailment
215	entailment
216	entailment
217	entailment
218	entailment
219	not_entailment
220	entailment
221	not_entailment
222	entailment
223	entailment
224	entailment
225	not_entailment
226	entailment
227	not_entailment
228	entailment
229	not_entailment
230	entailment
231	entailment
232	not_entailment
233	not_entailment
234	not_entailment
235	entailment
236	not_entailment
237	not_entailment
238	entailment
239	entailment
240	not_entailment
241	entailment
242	not_entailment
243	entailment
244	entailment
245	not_entailment
246	not_entailment
247	entailment
248	not_entailment
249	entailment
250	not_entailment
251	entailment
252	entailment
253	not_entailment
254	entailment
255	entailment
256	not_entailment
257	entailment
258	entailment
259	entailment
260	not_entailment
261	not_entailment
262	entailment
263	entailment
264	entailment
265	entailment
266	entailment
267	entailment
268	not_entailment
269	entailment
270	not_entailment
271	entailment
272	not_entailment
273	entailment
274	not_entailment
275	not_entailment
276	not_entailment
277	entailment
278	entailment
279	not_entailment
280	entailment
281	not_entailment
282	entailment
283	entailment
284	entailment
285	entailment
286	not_entailment
287	entailment
288	not_entailment
289	not_entailment
290	entailment
291	entailment
292	not_entailment
293	not_entailment
294	entailment
295	entailment
296	entailment
297	entailment
298	entailment
299	entailment
300	entailment
301	entailment
302	entailment
303	not_entailment
304	not_entailment
305	not_entailment
306	entailment
307	not_entailment
308	not_entailment
309	entailment
310	not_entailment
311	entailment
312	entailment
313	entailment
314	entailment
315	entailment
316	entailment
317	not_entailment
318	entailment
319	entailment
320	not_entailment
321	not_entailment
322	entailment
323	entailment
324	not_entailment
325	not_entailment
326	entailment
327	entailment
328	not_entailment
329	entailment
330	not_entailment
331	not_entailment
332	entailment
333	not_entailment
334	entailment
335	not_entailment
336	entailment
337	entailment
338	entailment
339	not_entailment
340	entailment
341	not_entailment
342	entailment
343	entailment
344	entailment
345	entailment
346	entailment
347	entailment
348	entailment
349	entailment
350	entailment
351	entailment
352	not_entailment
353	entailment
354	not_entailment
355	not_entailment
356	entailment
357	entailment
358	entailment
359	entailment
360	not_entailment
361	entailment
362	entailment
363	not_entailment
364	entailment
365	entailment
366	entailment
367	not_entailment
368	entailment
369	entailment
370	not_entailment
371	entailment
372	entailment
373	entailment
374	entailment
375	not_entailment
376	entailment
377	entailment
378	not_entailment
379	entailment
380	not_entailment
381	not_entailment
382	not_entailment
383	not_entailment
384	entailment
385	not_entailment
386	not_entailment
387	not_entailment
388	entailment
389	not_entailment
390	entailment
391	entailment
392	not_entailment
393	not_entailment
394	not_entailment
395	not_entailment
396	entailment
397	entailment
398	not_entailment
399	not_entailment
400	entailment
401	entailment
402	not_entailment
403	entailment
404	not_entailment
405	entailment
406	entailment
407	entailment
408	entailment
409	not_entailment
410	entailment
411	entailment
412	entailment
413	entailment
414	entailment
415	not_entailment
416	entailment
417	entailment
418	not_entailment
419	entailment
420	not_entailment
421	not_entailment
422	entailment
423	not_entailment
424	not_entailment
425	not_entailment
426	entailment
427	entailment
428	entailment
429	not_entailment
430	not_entailment
431	entailment
432	entailment
433	entailment
434	entailment
435	not_entailment
436	not_entailment
437	entailment
438	entailment
439	entailment
440	entailment
441	entailment
442	entailment
443	entailment
444	entailment
445	entailment
446	entailment
447	entailment
448	entailment
449	entailment
450	entailment
451	entailment
452	not_entailment
453	not_entailment
454	entailment
455	not_entailment
456	entailment
457	entailment
458	entailment
459	entailment
460	entailment
461	entailment
462	entailment
463	entailment
464	entailment
465	entailment
466	entailment
467	entailment
468	entailment
469	entailment
470	not_entailment
471	entailment
472	entailment
473	not_entailment
474	not_entailment
475	entailment
476	entailment
477	entailment
478	entailment
479	entailment
480	entailment
481	not_entailment
482	entailment
483	not_entailment
484	entailment
485	not_entailment
486	not_entailment
487	entailment
488	entailment
489	entailment
490	not_entailment
491	not_entailment
492	not_entailment
493	entailment
494	entailment
495	entailment
496	entailment
497	entailment
498	entailment
499	not_entailment
500	entailment
501	entailment
502	entailment
503	entailment
504	not_entailment
505	entailment
506	entailment
507	entailment
508	not_entailment
509	not_entailment
510	entailment
511	entailment
512	entailment
513	not_entailment
514	entailment
515	entailment
516	not_entailment
517	entailment
518	entailment
519	entailment
520	entailment
521	entailment
522	entailment
523	entailment
524	not_entailment
525	not_entailment
526	entailment
527	entailment
528	not_entailment
529	entailment
530	entailment
531	entailment
532	entailment
533	entailment
534	entailment
535	entailment
536	not_entailment
537	not_entailment
538	entailment
539	entailment
540	entailment
541	entailment
542	not_entailment
543	entailment
544	entailment
545	entailment
546	not_entailment
547	entailment
548	entailment
549	entailment
550	entailment
551	entailment
552	entailment
553	entailment
554	entailment
555	entailment
556	entailment
557	not_entailment
558	entailment
559	not_entailment
560	not_entailment
561	entailment
562	not_entailment
563	entailment
564	not_entailment
565	entailment
566	entailment
567	entailment
568	entailment
569	entailment
570	not_entailment
571	entailment
572	not_entailment
573	entailment
574	entailment
575	entailment
576	not_entailment
577	entailment
578	entailment
579	entailment
580	not_entailment
581	entailment
582	entailment
583	entailment
584	entailment
585	entailment
586	entailment
587	entailment
588	entailment
589	entailment
590	not_entailment
591	entailment
592	not_entailment
593	entailment
594	entailment
595	entailment
596	entailment
597	not_entailment
598	not_entailment
599	entailment
600	not_entailment
601	entailment
602	not_entailment
603	not_entailment
604	entailment
605	entailment
606	entailment
607	entailment
608	not_entailment
609	entailment
610	not_entailment
611	entailment
612	not_entailment
613	not_entailment
614	entailment
615	entailment
616	entailment
617	not_entailment
618	entailment
619	not_entailment
620	not_entailment
621	entailment
622	not_entailment
623	entailment
624	entailment
625	not_entailment
626	entailment
627	entailment
628	not_entailment
629	entailment
630	not_entailment
631	not_entailment
632	entailment
633	entailment
634	not_entailment
635	not_entailment
636	not_entailment
637	entailment
638	not_entailment
639	not_entailment
640	not_entailment
641	not_entailment
642	entailment
643	not_entailment
644	entailment
645	entailment
646	not_entailment
647	not_entailment
648	not_entailment
649	entailment
650	entailment
651	entailment
652	not_entailment
653	entailment
654	not_entailment
655	not_entailment
656	entailment
657	not_entailment
658	entailment
659	entailment
660	not_entailment
661	not_entailment
662	entailment
663	entailment
664	not_entailment
665	not_entailment
666	entailment
667	entailment
668	not_entailment
669	not_entailment
670	entailment
671	not_entailment
672	entailment
673	entailment
674	entailment
675	entailment
676	not_entailment
677	entailment
678	not_entailment
679	entailment
680	not_entailment
681	entailment
682	entailment
683	entailment
684	entailment
685	entailment
686	not_entailment
687	entailment
688	not_entailment
689	not_entailment
690	not_entailment
691	not_entailment
692	entailment
693	not_entailment
694	entailment
695	not_entailment
696	entailment
697	not_entailment
698	not_entailment
699	not_entailment
700	entailment
701	entailment
702	entailment
703	not_entailment
704	entailment
705	not_entailment
706	not_entailment
707	entailment
708	not_entailment
709	not_entailment
710	not_entailment
711	entailment
712	not_entailment
713	entailment
714	not_entailment
715	not_entailment
716	not_entailment
717	entailment
718	not_entailment
719	not_entailment
720	entailment
721	entailment
722	not_entailment
723	not_entailment
724	not_entailment
725	not_entailment
726	not_entailment
727	entailment
728	entailment
729	entailment
730	not_entailment
731	entailment
732	not_entailment
733	not_entailment
734	not_entailment
735	not_entailment
736	entailment
737	entailment
738	entailment
739	not_entailment
740	not_entailment
741	entailment
742	not_entailment
743	not_entailment
744	entailment
745	entailment
746	not_entailment
747	entailment
748	not_entailment
749	not_entailment
750	entailment
751	entailment
752	entailment
753	not_entailment
754	not_entailment
755	not_entailment
756	not_entailment
757	not_entailment
758	not_entailment
759	not_entailment
760	entailment
761	entailment
762	not_entailment
763	not_entailment
764	not_entailment
765	entailment
766	entailment
767	entailment
768	entailment
769	not_entailment
770	not_entailment
771	not_entailment
772	not_entailment
773	entailment
774	entailment
775	not_entailment
776	entailment
777	entailment
778	entailment
779	entailment
780	not_entailment
781	entailment
782	entailment
783	entailment
784	entailment
785	entailment
786	not_entailment
787	not_entailment
788	not_entailment
789	not_entailment
790	entailment
791	not_entailment
792	not_entailment
793	entailment
794	not_entailment
795	entailment
796	not_entailment
797	not_entailment
798	entailment
799	entailment
800	entailment
801	not_entailment
802	entailment
803	entailment
804	entailment
805	entailment
806	not_entailment
807	not_entailment
808	entailment
809	not_entailment
810	not_entailment
811	entailment
812	entailment
813	entailment
814	entailment
815	entailment
816	not_entailment
817	entailment
818	entailment
819	entailment
820	not_entailment
821	entailment
822	entailment
823	entailment
824	entailment
825	entailment
826	entailment
827	not_entailment
828	entailment
829	entailment
830	entailment
831	entailment
832	entailment
833	entailment
834	not_entailment
835	entailment
836	entailment
837	entailment
838	entailment
839	entailment
840	not_entailment
841	not_entailment
842	entailment
843	not_entailment
844	not_entailment
845	not_entailment
846	entailment
847	entailment
848	entailment
849	entailment
850	not_entailment
851	entailment
852	entailment
853	entailment
854	entailment
855	not_entailment
856	entailment
857	entailment
858	not_entailment
859	not_entailment
860	entailment
861	not_entailment
862	entailment
863	entailment
864	entailment
865	not_entailment
866	entailment
867	entailment
868	entailment
869	not_entailment
870	entailment
871	entailment
872	not_entailment
873	not_entailment
874	entailment
875	entailment
876	entailment
877	entailment
878	entailment
879	entailment
880	not_entailment
881	entailment
882	entailment
883	entailment
884	not_entailment
885	entailment
886	not_entailment
887	entailment
888	entailment
889	entailment
890	entailment
891	entailment
892	entailment
893	not_entailment
894	entailment
895	not_entailment
896	entailment
897	entailment
898	not_entailment
899	entailment
900	entailment
901	entailment
902	not_entailment
903	entailment
904	entailment
905	entailment
906	entailment
907	entailment
908	entailment
909	entailment
910	entailment
911	not_entailment
912	not_entailment
913	entailment
914	not_entailment
915	entailment
916	entailment
917	entailment
918	entailment
919	entailment
920	entailment
921	entailment
922	entailment
923	entailment
924	not_entailment
925	not_entailment
926	not_entailment
927	entailment
928	entailment
929	not_entailment
930	not_entailment
931	entailment
932	entailment
933	entailment
934	entailment
935	entailment
936	not_entailment
937	not_entailment
938	not_entailment
939	entailment
940	entailment
941	entailment
942	not_entailment
943	entailment
944	not_entailment
945	not_entailment
946	not_entailment
947	entailment
948	entailment
949	entailment
950	entailment
951	not_entailment
952	not_entailment
953	entailment
954	not_entailment
955	entailment
956	entailment
957	entailment
958	not_entailment
959	entailment
960	not_entailment
961	not_entailment
962	entailment
963	entailment
964	not_entailment
965	not_entailment
966	not_entailment
967	entailment
968	entailment
969	not_entailment
970	entailment
971	entailment
972	not_entailment
973	entailment
974	not_entailment
975	entailment
976	not_entailment
977	entailment
978	entailment
979	not_entailment
980	not_entailment
981	entailment
982	entailment
983	not_entailment
984	entailment
985	not_entailment
986	not_entailment
987	entailment
988	entailment
989	entailment
990	entailment
991	not_entailment
992	not_entailment
993	not_entailment
994	entailment
995	not_entailment
996	entailment
997	entailment
998	not_entailment
999	not_entailment
1000	not_entailment
1001	not_entailment
1002	not_entailment
1003	not_entailment
1004	not_entailment
1005	entailment
1006	entailment
1007	entailment
1008	entailment
1009	not_entailment
1010	not_entailment
1011	not_entailment
1012	not_entailment
1013	not_entailment
1014	entailment
1015	entailment
1016	entailment
1017	entailment
1018	entailment
1019	entailment
1020	entailment
1021	entailment
1022	entailment
1023	entailment
1024	not_entailment
1025	entailment
1026	not_entailment
1027	not_entailment
1028	entailment
1029	entailment
1030	entailment
1031	entailment
1032	not_entailment
1033	not_entailment
1034	entailment
1035	entailment
1036	entailment
1037	entailment
1038	entailment
1039	entailment
1040	entailment
1041	entailment
1042	entailment
1043	entailment
1044	entailment
1045	entailment
1046	entailment
1047	entailment
1048	not_entailment
1049	not_entailment
1050	entailment
1051	entailment
1052	entailment
1053	not_entailment
1054	entailment
1055	entailment
1056	entailment
1057	entailment
1058	entailment
1059	entailment
1060	entailment
1061	entailment
1062	entailment
1063	entailment
1064	entailment
1065	entailment
1066	entailment
1067	entailment
1068	entailment
1069	entailment
1070	entailment
1071	entailment
1072	entailment
1073	not_entailment
1074	not_entailment
1075	entailment
1076	not_entailment
1077	not_entailment
1078	not_entailment
1079	not_entailment
1080	entailment
1081	entailment
1082	not_entailment
1083	not_entailment
1084	not_entailment
1085	not_entailment
1086	not_entailment
1087	not_entailment
1088	entailment
1089	not_entailment
1090	not_entailment
1091	entailment
1092	entailment
1093	entailment
1094	entailment
1095	entailment
1096	entailment
1097	entailment
1098	entailment
1099	entailment
1100	entailment
1101	not_entailment
1102	not_entailment
1103	entailment
1104	not_entailment
1105	not_entailment
1106	not_entailment
1107	not_entailment
1108	entailment
1109	entailment
1110	entailment
1111	entailment
1112	entailment
1113	not_entailment
1114	not_entailment
1115	entailment
1116	entailment
1117	not_entailment
1118	not_entailment
1119	entailment
1120	entailment
1121	entailment
1122	entailment
1123	not_entailment
1124	not_entailment
1125	not_entailment
1126	not_entailment
1127	entailment
1128	entailment
1129	entailment
1130	entailment
1131	entailment
1132	entailment
1133	not_entailment
1134	not_entailment
1135	entailment
1136	entailment
1137	entailment
1138	entailment
1139	entailment
1140	entailment
1141	entailment
1142	entailment
1143	not_entailment
1144	not_entailment
1145	entailment
1146	entailment
1147	entailment
1148	entailment
1149	entailment
1150	entailment
1151	entailment
1152	entailment
1153	entailment
1154	not_entailment
1155	not_entailment
1156	entailment
1157	entailment
1158	not_entailment
1159	not_entailment
1160	entailment
1161	entailment
1162	entailment
1163	entailment
1164	entailment
1165	entailment
1166	entailment
1167	not_entailment
1168	not_entailment
1169	not_entailment
1170	entailment
1171	entailment
1172	entailment
1173	entailment
1174	entailment
1175	entailment
1176	entailment
1177	entailment
1178	entailment
1179	entailment
1180	entailment
1181	entailment
1182	entailment
1183	not_entailment
1184	not_entailment
1185	entailment
1186	not_entailment
1187	not_entailment
1188	entailment
1189	not_entailment
1190	entailment
1191	entailment
1192	not_entailment
1193	entailment
1194	not_entailment
1195	entailment
1196	not_entailment
1197	not_entailment
1198	not_entailment
1199	not_entailment
1200	entailment
1201	entailment
1202	entailment
1203	entailment
1204	entailment
1205	entailment
1206	entailment
1207	entailment
1208	entailment
1209	entailment
1210	entailment
1211	not_entailment
1212	not_entailment
1213	not_entailment
1214	not_entailment
1215	not_entailment
1216	entailment
1217	entailment
1218	entailment
1219	entailment
1220	not_entailment
1221	not_entailment
1222	not_entailment
1223	entailment
1224	not_entailment
1225	not_entailment
1226	entailment
1227	entailment
1228	entailment
1229	entailment
1230	entailment
1231	entailment
1232	entailment
1233	entailment
1234	entailment
1235	entailment
1236	entailment
1237	not_entailment
1238	entailment
1239	entailment
1240	entailment
1241	entailment
1242	entailment
1243	entailment
1244	entailment
1245	entailment
1246	entailment
1247	entailment
1248	entailment
1249	entailment
1250	entailment
1251	not_entailment
1252	not_entailment
1253	entailment
1254	entailment
1255	entailment
1256	entailment
1257	entailment
1258	entailment
1259	entailment
1260	entailment
1261	entailment
1262	not_entailment
1263	entailment
1264	not_entailment
1265	entailment
1266	entailment
1267	entailment
1268	entailment
1269	entailment
1270	entailment
1271	entailment
1272	entailment
1273	entailment
1274	not_entailment
1275	not_entailment
1276	not_entailment
1277	entailment
1278	entailment
1279	entailment
1280	entailment
1281	entailment
1282	entailment
1283	entailment
1284	entailment
1285	not_entailment
1286	not_entailment
1287	not_entailment
1288	entailment
1289	entailment
1290	entailment
1291	entailment
1292	entailment
1293	entailment
1294	not_entailment
1295	not_entailment
1296	not_entailment
1297	not_entailment
1298	not_entailment
1299	not_entailment
1300	not_entailment
1301	not_entailment
1302	not_entailment
1303	entailment
1304	entailment
1305	entailment
1306	not_entailment
1307	not_entailment
1308	not_entailment
1309	not_entailment
1310	entailment
1311	entailment
1312	entailment
1313	entailment
1314	entailment
1315	entailment
1316	entailment
1317	entailment
1318	entailment
1319	not_entailment
1320	not_entailment
1321	not_entailment
1322	not_entailment
1323	not_entailment
1324	not_entailment
1325	not_entailment
1326	not_entailment
1327	not_entailment
1328	not_entailment
1329	entailment
1330	entailment
1331	entailment
1332	not_entailment
1333	entailment
1334	entailment
1335	entailment
1336	not_entailment
1337	not_entailment
1338	entailment
1339	not_entailment
1340	entailment
1341	entailment
1342	entailment
1343	entailment
1344	not_entailment
1345	not_entailment
1346	entailment
1347	entailment
1348	entailment
1349	entailment
1350	entailment
1351	entailment
1352	not_entailment
1353	not_entailment
1354	not_entailment
1355	not_entailment
1356	not_entailment
1357	not_entailment
1358	not_entailment
1359	not_entailment
1360	not_entailment
1361	not_entailment
1362	not_entailment
1363	not_entailment
1364	not_entailment
1365	not_entailment
1366	entailment
1367	entailment
1368	not_entailment
1369	not_entailment
1370	entailment
1371	entailment
1372	entailment
1373	not_entailment
1374	entailment
1375	entailment
1376	entailment
1377	not_entailment
1378	entailment
1379	entailment
1380	entailment
1381	entailment
1382	entailment
1383	not_entailment
1384	not_entailment
1385	entailment
1386	entailment
1387	entailment
1388	entailment
1389	not_entailment
1390	entailment
1391	not_entailment
1392	not_entailment
1393	entailment
1394	entailment
1395	entailment
1396	entailment
1397	not_entailment
1398	not_entailment
1399	entailment
1400	entailment
1401	entailment
1402	entailment
1403	not_entailment
1404	entailment
1405	entailment
1406	entailment
1407	not_entailment
1408	entailment
1409	entailment
1410	not_entailment
1411	not_entailment
1412	entailment
1413	entailment
1414	entailment
1415	not_entailment
1416	not_entailment
1417	entailment
1418	entailment
1419	entailment
1420	entailment
1421	entailment
1422	entailment
1423	entailment
1424	entailment
1425	entailment
1426	not_entailment
1427	entailment
1428	entailment
1429	not_entailment
1430	entailment
1431	not_entailment
1432	not_entailment
1433	not_entailment
1434	not_entailment
1435	not_entailment
1436	not_entailment
1437	entailment
1438	entailment
1439	entailment
1440	entailment
1441	entailment
1442	entailment
1443	entailment
1444	not_entailment
1445	entailment
1446	entailment
1447	entailment
1448	not_entailment
1449	not_entailment
1450	entailment
1451	not_entailment
1452	entailment
1453	entailment
1454	entailment
1455	not_entailment
1456	not_entailment
1457	entailment
1458	entailment
1459	not_entailment
1460	entailment
1461	entailment
1462	not_entailment
1463	not_entailment
1464	not_entailment
1465	entailment
1466	not_entailment
1467	entailment
1468	not_entailment
1469	not_entailment
1470	not_entailment
1471	not_entailment
1472	entailment
1473	not_entailment
1474	not_entailment
1475	not_entailment
1476	not_entailment
1477	not_entailment
1478	entailment
1479	not_entailment
1480	entailment
1481	not_entailment
1482	entailment
1483	not_entailment
1484	entailment
1485	not_entailment
1486	entailment
1487	entailment
1488	not_entailment
1489	entailment
1490	entailment
1491	not_entailment
1492	not_entailment
1493	entailment
1494	not_entailment
1495	not_entailment
1496	not_entailment
1497	not_entailment
1498	entailment
1499	not_entailment
1500	entailment
1501	entailment
1502	entailment
1503	entailment
1504	entailment
1505	entailment
1506	not_entailment
1507	entailment
1508	entailment
1509	entailment
1510	entailment
1511	entailment
1512	entailment
1513	not_entailment
1514	not_entailment
1515	entailment
1516	entailment
1517	entailment
1518	entailment
1519	entailment
1520	entailment
1521	not_entailment
1522	entailment
1523	not_entailment
1524	entailment
1525	entailment
1526	entailment
1527	not_entailment
1528	not_entailment
1529	entailment
1530	entailment
1531	entailment
1532	not_entailment
1533	not_entailment
1534	not_entailment
1535	entailment
1536	not_entailment
1537	not_entailment
1538	entailment
1539	entailment
1540	entailment
1541	entailment
1542	not_entailment
1543	not_entailment
1544	entailment
1545	entailment
1546	not_entailment
1547	not_entailment
1548	not_entailment
1549	not_entailment
1550	entailment
1551	not_entailment
1552	not_entailment
1553	entailment
1554	entailment
1555	not_entailment
1556	entailment
1557	not_entailment
1558	entailment
1559	entailment
1560	entailment
1561	entailment
1562	not_entailment
1563	not_entailment
1564	not_entailment
1565	entailment
1566	not_entailment
1567	entailment
1568	entailment
1569	entailment
1570	not_entailment
1571	entailment
1572	entailment
1573	entailment
1574	not_entailment
1575	entailment
1576	entailment
1577	not_entailment
1578	entailment
1579	not_entailment
1580	not_entailment
1581	not_entailment
1582	entailment
1583	entailment
1584	not_entailment
1585	not_entailment
1586	not_entailment
1587	not_entailment
1588	entailment
1589	entailment
1590	entailment
1591	entailment
1592	entailment
1593	entailment
1594	entailment
1595	entailment
1596	not_entailment
1597	entailment
1598	not_entailment
1599	entailment
1600	entailment
1601	entailment
1602	not_entailment
1603	entailment
1604	not_entailment
1605	entailment
1606	entailment
1607	entailment
1608	entailment
1609	not_entailment
1610	entailment
1611	not_entailment
1612	not_entailment
1613	entailment
1614	not_entailment
1615	not_entailment
1616	not_entailment
1617	entailment
1618	not_entailment
1619	not_entailment
1620	not_entailment
1621	entailment
1622	entailment
1623	entailment
1624	not_entailment
1625	not_entailment
1626	entailment
1627	not_entailment
1628	not_entailment
1629	not_entailment
1630	entailment
1631	entailment
1632	entailment
1633	entailment
1634	not_entailment
1635	not_entailment
1636	entailment
1637	entailment
1638	not_entailment
1639	entailment
1640	not_entailment
1641	not_entailment
1642	not_entailment
1643	entailment
1644	not_entailment
1645	not_entailment
1646	entailment
1647	not_entailment
1648	not_entailment
1649	not_entailment
1650	entailment
1651	entailment
1652	entailment
1653	entailment
1654	not_entailment
1655	entailment
1656	not_entailment
1657	not_entailment
1658	entailment
1659	not_entailment
1660	not_entailment
1661	entailment
1662	entailment
1663	entailment
1664	entailment
1665	not_entailment
1666	not_entailment
1667	not_entailment
1668	not_entailment
1669	not_entailment
1670	entailment
1671	entailment
1672	entailment
1673	not_entailment
1674	not_entailment
1675	not_entailment
1676	entailment
1677	entailment
1678	entailment
1679	not_entailment
1680	not_entailment
1681	entailment
1682	not_entailment
1683	not_entailment
1684	entailment
1685	not_entailment
1686	not_entailment
1687	not_entailment
1688	not_entailment
1689	not_entailment
1690	entailment
1691	entailment
1692	not_entailment
1693	entailment
1694	not_entailment
1695	entailment
1696	entailment
1697	not_entailment
1698	entailment
1699	not_entailment
1700	not_entailment
1701	entailment
1702	entailment
1703	entailment
1704	entailment
1705	not_entailment
1706	not_entailment
1707	not_entailment
1708	not_entailment
1709	not_entailment
1710	not_entailment
1711	not_entailment
1712	not_entailment
1713	entailment
1714	not_entailment
1715	not_entailment
1716	not_entailment
1717	entailment
1718	not_entailment
1719	not_entailment
1720	not_entailment
1721	entailment
1722	entailment
1723	not_entailment
1724	entailment
1725	entailment
1726	entailment
1727	entailment
1728	not_entailment
1729	entailment
1730	entailment
1731	entailment
1732	entailment
1733	not_entailment
1734	entailment
1735	entailment
1736	not_entailment
1737	entailment
1738	entailment
1739	not_entailment
1740	not_entailment
1741	entailment
1742	not_entailment
1743	entailment
1744	not_entailment
1745	not_entailment
1746	not_entailment
1747	entailment
1748	not_entailment
1749	entailment
1750	entailment
1751	not_entailment
1752	entailment
1753	not_entailment
1754	not_entailment
1755	entailment
1756	entailment
1757	not_entailment
1758	entailment
1759	entailment
1760	entailment
1761	entailment
1762	entailment
1763	entailment
1764	not_entailment
1765	entailment
1766	entailment
1767	entailment
1768	entailment
1769	entailment
1770	entailment
1771	entailment
1772	entailment
1773	entailment
1774	entailment
1775	entailment
1776	not_entailment
1777	entailment
1778	not_entailment
1779	entailment
1780	not_entailment
1781	entailment
1782	not_entailment
1783	not_entailment
1784	entailment
1785	entailment
1786	entailment
1787	entailment
1788	entailment
1789	not_entailment
1790	entailment
1791	not_entailment
1792	entailment
1793	entailment
1794	not_entailment
1795	entailment
1796	not_entailment
1797	not_entailment
1798	not_entailment
1799	entailment
1800	entailment
1801	entailment
1802	not_entailment
1803	entailment
1804	entailment
1805	entailment
1806	entailment
1807	entailment
1808	entailment
1809	entailment
1810	entailment
1811	entailment
1812	not_entailment
1813	not_entailment
1814	entailment
1815	entailment
1816	entailment
1817	entailment
1818	entailment
1819	entailment
1820	entailment
1821	entailment
1822	entailment
1823	entailment
1824	entailment
1825	entailment
1826	entailment
1827	entailment
1828	entailment
1829	entailment
1830	entailment
1831	not_entailment
1832	entailment
1833	entailment
1834	entailment
1835	entailment
1836	not_entailment
1837	entailment
1838	entailment
1839	entailment
1840	entailment
1841	not_entailment
1842	entailment
1843	entailment
1844	entailment
1845	not_entailment
1846	entailment
1847	entailment
1848	entailment
1849	entailment
1850	entailment
1851	entailment
1852	not_entailment
1853	not_entailment
1854	entailment
1855	entailment
1856	entailment
1857	entailment
1858	entailment
1859	not_entailment
1860	entailment
1861	entailment
1862	entailment
1863	entailment
1864	entailment
1865	not_entailment
1866	entailment
1867	not_entailment
1868	entailment
1869	entailment
1870	not_entailment
1871	entailment
1872	not_entailment
1873	not_entailment
1874	entailment
1875	entailment
1876	not_entailment
1877	entailment
1878	entailment
1879	not_entailment
1880	entailment
1881	not_entailment
1882	entailment
1883	entailment
1884	entailment
1885	not_entailment
1886	not_entailment
1887	not_entailment
1888	entailment
1889	not_entailment
1890	entailment
1891	entailment
1892	entailment
1893	entailment
1894	entailment
1895	not_entailment
1896	not_entailment
1897	not_entailment
1898	not_entailment
1899	not_entailment
1900	entailment
1901	entailment
1902	not_entailment
1903	entailment
1904	entailment
1905	entailment
1906	entailment
1907	not_entailment
1908	entailment
1909	not_entailment
1910	not_entailment
1911	not_entailment
1912	entailment
1913	entailment
1914	not_entailment
1915	entailment
1916	entailment
1917	entailment
1918	entailment
1919	not_entailment
1920	entailment
1921	not_entailment
1922	entailment
1923	entailment
1924	entailment
1925	entailment
1926	entailment
1927	entailment
1928	entailment
1929	not_entailment
1930	not_entailment
1931	entailment
1932	entailment
1933	entailment
1934	not_entailment
1935	not_entailment
1936	entailment
1937	entailment
1938	not_entailment
1939	entailment
1940	not_entailment
1941	entailment
1942	entailment
1943	not_entailment
1944	entailment
1945	not_entailment
1946	entailment
1947	entailment
1948	not_entailment
1949	entailment
1950	not_entailment
1951	entailment
1952	entailment
1953	entailment
1954	entailment
1955	not_entailment
1956	entailment
1957	entailment
1958	entailment
1959	not_entailment
1960	not_entailment
1961	not_entailment
1962	entailment
1963	not_entailment
1964	not_entailment
1965	not_entailment
1966	entailment
1967	entailment
1968	not_entailment
1969	not_entailment
1970	entailment
1971	entailment
1972	not_entailment
1973	entailment
1974	not_entailment
1975	not_entailment
1976	not_entailment
1977	not_entailment
1978	entailment
1979	entailment
1980	entailment
1981	not_entailment
1982	entailment
1983	not_entailment
1984	entailment
1985	entailment
1986	entailment
1987	entailment
1988	not_entailment
1989	entailment
1990	entailment
1991	entailment
1992	entailment
1993	entailment
1994	not_entailment
1995	not_entailment
1996	entailment
1997	not_entailment
1998	not_entailment
1999	not_entailment
2000	entailment
2001	not_entailment
2002	not_entailment
2003	entailment
2004	not_entailment
2005	entailment
2006	not_entailment
2007	not_entailment
2008	entailment
2009	not_entailment
2010	not_entailment
2011	not_entailment
2012	not_entailment
2013	not_entailment
2014	not_entailment
2015	entailment
2016	entailment
2017	not_entailment
2018	not_entailment
2019	not_entailment
2020	entailment
2021	not_entailment
2022	entailment
2023	not_entailment
2024	entailment
2025	not_entailment
2026	not_entailment
2027	entailment
2028	entailment
2029	entailment
2030	not_entailment
2031	not_entailment
2032	not_entailment
2033	not_entailment
2034	not_entailment
2035	not_entailment
2036	not_entailment
2037	not_entailment
2038	entailment
2039	not_entailment
2040	not_entailment
2041	entailment
2042	not_entailment
2043	not_entailment
2044	entailment
2045	not_entailment
2046	not_entailment
2047	not_entailment
2048	entailment
2049	entailment
2050	entailment
2051	not_entailment
2052	not_entailment
2053	not_entailment
2054	entailment
2055	not_entailment
2056	entailment
2057	entailment
2058	not_entailment
2059	not_entailment
2060	entailment
2061	not_entailment
2062	entailment
2063	not_entailment
2064	not_entailment
2065	entailment
2066	not_entailment
2067	not_entailment
2068	entailment
2069	not_entailment
2070	not_entailment
2071	entailment
2072	not_entailment
2073	not_entailment
2074	entailment
2075	not_entailment
2076	not_entailment
2077	not_entailment
2078	not_entailment
2079	entailment
2080	entailment
2081	not_entailment
2082	entailment
2083	entailment
2084	not_entailment
2085	not_entailment
2086	not_entailment
2087	not_entailment
2088	not_entailment
2089	not_entailment
2090	not_entailment
2091	entailment
2092	entailment
2093	not_entailment
2094	entailment
2095	entailment
2096	not_entailment
2097	not_entailment
2098	not_entailment
2099	entailment
2100	entailment
2101	entailment
2102	not_entailment
2103	entailment
2104	not_entailment
2105	not_entailment
2106	not_entailment
2107	entailment
2108	entailment
2109	entailment
2110	entailment
2111	entailment
2112	not_entailment
2113	entailment
2114	entailment
2115	not_entailment
2116	not_entailment
2117	not_entailment
2118	entailment
2119	not_entailment
2120	entailment
2121	not_entailment
2122	entailment
2123	entailment
2124	not_entailment
2125	entailment
2126	not_entailment
2127	entailment
2128	not_entailment
2129	not_entailment
2130	entailment
2131	entailment
2132	entailment
2133	entailment
2134	entailment
2135	entailment
2136	not_entailment
2137	not_entailment
2138	entailment
2139	entailment
2140	entailment
2141	entailment
2142	not_entailment
2143	entailment
2144	not_entailment
2145	not_entailment
2146	entailment
2147	not_entailment
2148	entailment
2149	not_entailment
2150	entailment
2151	entailment
2152	not_entailment
2153	entailment
2154	entailment
2155	entailment
2156	not_entailment
2157	entailment
2158	not_entailment
2159	entailment
2160	entailment
2161	entailment
2162	entailment
2163	entailment
2164	entailment
2165	entailment
2166	entailment
2167	entailment
2168	entailment
2169	entailment
2170	entailment
2171	entailment
2172	entailment
2173	entailment
2174	entailment
2175	entailment
2176	entailment
2177	entailment
2178	entailment
2179	entailment
2180	entailment
2181	entailment
2182	entailment
2183	entailment
2184	not_entailment
2185	entailment
2186	not_entailment
2187	entailment
2188	entailment
2189	entailment
2190	not_entailment
2191	entailment
2192	entailment
2193	entailment
2194	entailment
2195	entailment
2196	entailment
2197	not_entailment
2198	entailment
2199	not_entailment
2200	entailment
2201	entailment
2202	not_entailment
2203	entailment
2204	entailment
2205	entailment
2206	entailment
2207	entailment
2208	entailment
2209	entailment
2210	not_entailment
2211	entailment
2212	entailment
2213	entailment
2214	not_entailment
2215	entailment
2216	not_entailment
2217	entailment
2218	entailment
2219	not_entailment
2220	not_entailment
2221	not_entailment
2222	entailment
2223	not_entailment
2224	not_entailment
2225	entailment
2226	entailment
2227	entailment
2228	entailment
2229	not_entailment
2230	entailment
2231	entailment
2232	entailment
2233	not_entailment
2234	entailment
2235	entailment
2236	entailment
2237	not_entailment
2238	entailment
2239	not_entailment
2240	not_entailment
2241	entailment
2242	entailment
2243	not_entailment
2244	not_entailment
2245	entailment
2246	entailment
2247	not_entailment
2248	entailment
2249	entailment
2250	not_entailment
2251	entailment
2252	entailment
2253	not_entailment
2254	not_entailment
2255	entailment
2256	entailment
2257	entailment
2258	entailment
2259	entailment
2260	entailment
2261	not_entailment
2262	entailment
2263	entailment
2264	not_entailment
2265	entailment
2266	entailment
2267	entailment
2268	not_entailment
2269	entailment
2270	entailment
2271	entailment
2272	entailment
2273	entailment
2274	entailment
2275	entailment
2276	entailment
2277	not_entailment
2278	not_entailment
2279	entailment
2280	entailment
2281	not_entailment
2282	entailment
2283	not_entailment
2284	not_entailment
2285	not_entailment
2286	not_entailment
2287	not_entailment
2288	entailment
2289	entailment
2290	not_entailment
2291	entailment
2292	entailment
2293	entailment
2294	entailment
2295	not_entailment
2296	entailment
2297	entailment
2298	not_entailment
2299	entailment
2300	entailment
2301	not_entailment
2302	entailment
2303	entailment
2304	entailment
2305	entailment
2306	entailment
2307	entailment
2308	not_entailment
2309	entailment
2310	not_entailment
2311	entailment
2312	not_entailment
2313	entailment
2314	not_entailment
2315	not_entailment
2316	entailment
2317	not_entailment
2318	entailment
2319	entailment
2320	entailment
2321	entailment
2322	not_entailment
2323	not_entailment
2324	entailment
2325	not_entailment
2326	entailment
2327	not_entailment
2328	not_entailment
2329	not_entailment
2330	not_entailment
2331	entailment
2332	entailment
2333	not_entailment
2334	entailment
2335	not_entailment
2336	entailment
2337	not_entailment
2338	not_entailment
2339	entailment
2340	not_entailment
2341	entailment
2342	entailment
2343	entailment
2344	entailment
2345	entailment
2346	entailment
2347	entailment
2348	entailment
2349	not_entailment
2350	entailment
2351	not_entailment
2352	entailment
2353	entailment
2354	entailment
2355	entailment
2356	not_entailment
2357	entailment
2358	entailment
2359	not_entailment
2360	entailment
2361	entailment
2362	not_entailment
2363	entailment
2364	entailment
2365	not_entailment
2366	entailment
2367	not_entailment
2368	not_entailment
2369	entailment
2370	entailment
2371	entailment
2372	not_entailment
2373	entailment
2374	not_entailment
2375	not_entailment
2376	not_entailment
2377	not_entailment
2378	not_entailment
2379	entailment
2380	not_entailment
2381	entailment
2382	entailment
2383	entailment
2384	not_entailment
2385	entailment
2386	not_entailment
2387	not_entailment
2388	entailment
2389	entailment
2390	entailment
2391	not_entailment
2392	entailment
2393	entailment
2394	entailment
2395	entailment
2396	not_entailment
2397	entailment
2398	not_entailment
2399	entailment
2400	entailment
2401	not_entailment
2402	not_entailment
2403	not_entailment
2404	not_entailment
2405	entailment
2406	entailment
2407	entailment
2408	entailment
2409	entailment
2410	not_entailment
2411	not_entailment
2412	entailment
2413	not_entailment
2414	not_entailment
2415	not_entailment
2416	entailment
2417	entailment
2418	entailment
2419	entailment
2420	not_entailment
2421	entailment
2422	entailment
2423	not_entailment
2424	not_entailment
2425	entailment
2426	entailment
2427	entailment
2428	entailment
2429	entailment
2430	entailment
2431	not_entailment
2432	entailment
2433	not_entailment
2434	entailment
2435	not_entailment
2436	entailment
2437	entailment
2438	entailment
2439	entailment
2440	not_entailment
2441	entailment
2442	entailment
2443	entailment
2444	entailment
2445	not_entailment
2446	entailment
2447	not_entailment
2448	entailment
2449	entailment
2450	entailment
2451	not_entailment
2452	entailment
2453	entailment
2454	entailment
2455	not_entailment
2456	entailment
2457	entailment
2458	not_entailment
2459	not_entailment
2460	not_entailment
2461	entailment
2462	not_entailment
2463	entailment
2464	entailment
2465	not_entailment
2466	not_entailment
2467	entailment
2468	not_entailment
2469	entailment
2470	not_entailment
2471	not_entailment
2472	entailment
2473	not_entailment
2474	entailment
2475	entailment
2476	not_entailment
2477	entailment
2478	entailment
2479	entailment
2480	entailment
2481	entailment
2482	entailment
2483	entailment
2484	entailment
2485	not_entailment
2486	entailment
2487	entailment
2488	entailment
2489	not_entailment
2490	entailment
2491	entailment
2492	entailment
2493	entailment
2494	not_entailment
2495	entailment
2496	entailment
2497	not_entailment
2498	not_entailment
2499	entailment
2500	not_entailment
2501	not_entailment
2502	entailment
2503	entailment
2504	entailment
2505	entailment
2506	not_entailment
2507	not_entailment
2508	not_entailment
2509	not_entailment
2510	entailment
2511	not_entailment
2512	not_entailment
2513	entailment
2514	entailment
2515	entailment
2516	entailment
2517	entailment
2518	not_entailment
2519	entailment
2520	entailment
2521	entailment
2522	entailment
2523	not_entailment
2524	entailment
2525	not_entailment
2526	entailment
2527	entailment
2528	entailment
2529	entailment
2530	not_entailment
2531	entailment
2532	entailment
2533	entailment
2534	not_entailment
2535	not_entailment
2536	not_entailment
2537	entailment
2538	entailment
2539	entailment
2540	entailment
2541	entailment
2542	entailment
2543	not_entailment
2544	not_entailment
2545	entailment
2546	entailment
2547	entailment
2548	entailment
2549	not_entailment
2550	entailment
2551	entailment
2552	entailment
2553	entailment
2554	entailment
2555	not_entailment
2556	not_entailment
2557	not_entailment
2558	entailment
2559	entailment
2560	entailment
2561	entailment
2562	not_entailment
2563	entailment
2564	entailment
2565	not_entailment
2566	entailment
2567	not_entailment
2568	entailment
2569	entailment
2570	entailment
2571	not_entailment
2572	entailment
2573	not_entailment
2574	not_entailment
2575	entailment
2576	entailment
2577	entailment
2578	not_entailment
2579	entailment
2580	entailment
2581	entailment
2582	entailment
2583	entailment
2584	entailment
2585	not_entailment
2586	entailment
2587	entailment
2588	entailment
2589	not_entailment
2590	entailment
2591	entailment
2592	entailment
2593	not_entailment
2594	not_entailment
2595	entailment
2596	entailment
2597	entailment
2598	not_entailment
2599	entailment
2600	entailment
2601	entailment
2602	entailment
2603	entailment
2604	not_entailment
2605	entailment
2606	entailment
2607	entailment
2608	entailment
2609	entailment
2610	entailment
2611	entailment
2612	not_entailment
2613	entailment
2614	entailment
2615	entailment
2616	entailment
2617	entailment
2618	entailment
2619	entailment
2620	not_entailment
2621	entailment
2622	entailment
2623	entailment
2624	entailment
2625	entailment
2626	entailment
2627	entailment
2628	entailment
2629	entailment
2630	not_entailment
2631	entailment
2632	entailment
2633	not_entailment
2634	not_entailment
2635	not_entailment
2636	entailment
2637	entailment
2638	entailment
2639	entailment
2640	entailment
2641	not_entailment
2642	entailment
2643	entailment
2644	entailment
2645	entailment
2646	entailment
2647	not_entailment
2648	entailment
2649	not_entailment
2650	entailment
2651	entailment
2652	not_entailment
2653	not_entailment
2654	entailment
2655	not_entailment
2656	entailment
2657	entailment
2658	entailment
2659	entailment
2660	not_entailment
2661	entailment
2662	not_entailment
2663	entailment
2664	not_entailment
2665	entailment
2666	not_entailment
2667	entailment
2668	entailment
2669	not_entailment
2670	not_entailment
2671	entailment
2672	not_entailment
2673	entailment
2674	not_entailment
2675	entailment
2676	not_entailment
2677	entailment
2678	not_entailment
2679	not_entailment
2680	not_entailment
2681	entailment
2682	entailment
2683	entailment
2684	entailment
2685	entailment
2686	not_entailment
2687	not_entailment
2688	entailment
2689	entailment
2690	entailment
2691	not_entailment
2692	entailment
2693	not_entailment
2694	not_entailment
2695	entailment
2696	not_entailment
2697	entailment
2698	entailment
2699	entailment
2700	not_entailment
2701	entailment
2702	entailment
2703	not_entailment
2704	not_entailment
2705	entailment
2706	entailment
2707	not_entailment
2708	entailment
2709	entailment
2710	entailment
2711	entailment
2712	entailment
2713	entailment
2714	entailment
2715	not_entailment
2716	entailment
2717	entailment
2718	entailment
2719	entailment
2720	entailment
2721	entailment
2722	not_entailment
2723	entailment
2724	entailment
2725	entailment
2726	entailment
2727	entailment
2728	entailment
2729	not_entailment
2730	entailment
2731	entailment
2732	entailment
2733	not_entailment
2734	entailment
2735	not_entailment
2736	not_entailment
2737	not_entailment
2738	entailment
2739	not_entailment
2740	entailment
2741	entailment
2742	entailment
2743	not_entailment
2744	not_entailment
2745	entailment
2746	not_entailment
2747	entailment
2748	entailment
2749	entailment
2750	entailment
2751	entailment
2752	entailment
2753	entailment
2754	not_entailment
2755	entailment
2756	entailment
2757	not_entailment
2758	not_entailment
2759	entailment
2760	entailment
2761	not_entailment
2762	entailment
2763	entailment
2764	not_entailment
2765	entailment
2766	entailment
2767	entailment
2768	not_entailment
2769	entailment
2770	entailment
2771	not_entailment
2772	entailment
2773	entailment
2774	entailment
2775	entailment
2776	not_entailment
2777	not_entailment
2778	entailment
2779	entailment
2780	entailment
2781	not_entailment
2782	entailment
2783	entailment
2784	entailment
2785	not_entailment
2786	entailment
2787	not_entailment
2788	not_entailment
2789	entailment
2790	not_entailment
2791	entailment
2792	entailment
2793	entailment
2794	not_entailment
2795	entailment
2796	entailment
2797	entailment
2798	entailment
2799	entailment
2800	not_entailment
2801	entailment
2802	entailment
2803	entailment
2804	entailment
2805	not_entailment
2806	not_entailment
2807	entailment
2808	not_entailment
2809	entailment
2810	entailment
2811	not_entailment
2812	entailment
2813	not_entailment
2814	entailment
2815	entailment
2816	entailment
2817	entailment
2818	entailment
2819	entailment
2820	entailment
2821	not_entailment
2822	entailment
2823	not_entailment
2824	entailment
2825	not_entailment
2826	not_entailment
2827	entailment
2828	entailment
2829	not_entailment
2830	not_entailment
2831	entailment
2832	not_entailment
2833	not_entailment
2834	entailment
2835	entailment
2836	entailment
2837	entailment
2838	not_entailment
2839	entailment
2840	entailment
2841	entailment
2842	entailment
2843	not_entailment
2844	not_entailment
2845	not_entailment
2846	entailment
2847	entailment
2848	entailment
2849	entailment
2850	entailment
2851	not_entailment
2852	not_entailment
2853	entailment
2854	entailment
2855	entailment
2856	not_entailment
2857	entailment
2858	entailment
2859	entailment
2860	entailment
2861	not_entailment
2862	not_entailment
2863	not_entailment
2864	entailment
2865	entailment
2866	entailment
2867	entailment
2868	entailment
2869	not_entailment
2870	entailment
2871	entailment
2872	entailment
2873	entailment
2874	entailment
2875	entailment
2876	entailment
2877	not_entailment
2878	not_entailment
2879	not_entailment
2880	entailment
2881	not_entailment
2882	not_entailment
2883	not_entailment
2884	entailment
2885	entailment
2886	not_entailment
2887	not_entailment
2888	entailment
2889	not_entailment
2890	entailment
2891	entailment
2892	not_entailment
2893	not_entailment
2894	not_entailment
2895	entailment
2896	entailment
2897	not_entailment
2898	not_entailment
2899	entailment
2900	entailment
2901	entailment
2902	not_entailment
2903	entailment
2904	entailment
2905	entailment
2906	entailment
2907	not_entailment
2908	entailment
2909	entailment
2910	entailment
2911	entailment
2912	entailment
2913	not_entailment
2914	entailment
2915	not_entailment
2916	entailment
2917	entailment
2918	entailment
2919	entailment
2920	entailment
2921	not_entailment
2922	entailment
2923	entailment
2924	entailment
2925	entailment
2926	entailment
2927	entailment
2928	entailment
2929	entailment
2930	not_entailment
2931	entailment
2932	not_entailment
2933	not_entailment
2934	entailment
2935	entailment
2936	entailment
2937	entailment
2938	entailment
2939	not_entailment
2940	entailment
2941	not_entailment
2942	entailment
2943	entailment
2944	entailment
2945	entailment
2946	not_entailment
2947	not_entailment
2948	not_entailment
2949	not_entailment
2950	not_entailment
2951	not_entailment
2952	entailment
2953	entailment
2954	not_entailment
2955	entailment
2956	entailment
2957	not_entailment
2958	entailment
2959	not_entailment
2960	not_entailment
2961	entailment
2962	entailment
2963	not_entailment
2964	entailment
2965	not_entailment
2966	entailment
2967	not_entailment
2968	entailment
2969	entailment
2970	entailment
2971	entailment
2972	entailment
2973	entailment
2974	not_entailment
2975	not_entailment
2976	not_entailment
2977	entailment
2978	entailment
2979	not_entailment
2980	not_entailment
2981	entailment
2982	entailment
2983	not_entailment
2984	entailment
2985	not_entailment
2986	not_entailment
2987	entailment
2988	not_entailment
2989	entailment
2990	entailment
2991	not_entailment
2992	entailment
2993	not_entailment
2994	not_entailment
2995	not_entailment
2996	entailment
2997	entailment
2998	not_entailment
2999	not_entailment
