index	prediction
0	not_entailment
1	not_entailment
2	not_entailment
3	not_entailment
4	not_entailment
5	not_entailment
6	not_entailment
7	not_entailment
8	not_entailment
9	not_entailment
10	not_entailment
11	not_entailment
12	not_entailment
13	not_entailment
14	not_entailment
15	not_entailment
16	not_entailment
17	not_entailment
18	not_entailment
19	not_entailment
20	not_entailment
21	not_entailment
22	not_entailment
23	not_entailment
24	entailment
25	not_entailment
26	not_entailment
27	not_entailment
28	not_entailment
29	not_entailment
30	not_entailment
31	not_entailment
32	not_entailment
33	not_entailment
34	not_entailment
35	not_entailment
36	not_entailment
37	not_entailment
38	not_entailment
39	not_entailment
40	entailment
41	not_entailment
42	not_entailment
43	not_entailment
44	not_entailment
45	not_entailment
46	not_entailment
47	not_entailment
48	not_entailment
49	not_entailment
50	not_entailment
51	not_entailment
52	not_entailment
53	not_entailment
54	not_entailment
55	not_entailment
56	not_entailment
57	not_entailment
58	not_entailment
59	entailment
60	entailment
61	not_entailment
62	not_entailment
63	not_entailment
64	not_entailment
65	not_entailment
66	not_entailment
67	not_entailment
68	not_entailment
69	not_entailment
70	entailment
71	not_entailment
72	not_entailment
73	not_entailment
74	not_entailment
75	not_entailment
76	not_entailment
77	not_entailment
78	not_entailment
79	not_entailment
80	not_entailment
81	not_entailment
82	not_entailment
83	not_entailment
84	not_entailment
85	not_entailment
86	not_entailment
87	not_entailment
88	not_entailment
89	not_entailment
90	not_entailment
91	not_entailment
92	not_entailment
93	not_entailment
94	not_entailment
95	not_entailment
96	not_entailment
97	not_entailment
98	not_entailment
99	not_entailment
100	not_entailment
101	not_entailment
102	not_entailment
103	not_entailment
104	not_entailment
105	not_entailment
106	not_entailment
107	not_entailment
108	not_entailment
109	not_entailment
110	not_entailment
111	not_entailment
112	not_entailment
113	not_entailment
114	not_entailment
115	not_entailment
116	not_entailment
117	not_entailment
118	not_entailment
119	not_entailment
120	not_entailment
121	entailment
122	not_entailment
123	not_entailment
124	not_entailment
125	not_entailment
126	not_entailment
127	not_entailment
128	not_entailment
129	not_entailment
130	not_entailment
131	not_entailment
132	not_entailment
133	not_entailment
134	not_entailment
135	not_entailment
136	not_entailment
137	not_entailment
138	not_entailment
139	not_entailment
140	not_entailment
141	not_entailment
142	not_entailment
143	not_entailment
144	not_entailment
145	not_entailment
146	not_entailment
147	not_entailment
148	not_entailment
149	not_entailment
150	entailment
151	not_entailment
152	not_entailment
153	not_entailment
154	not_entailment
155	not_entailment
156	not_entailment
157	not_entailment
158	entailment
159	not_entailment
160	not_entailment
161	not_entailment
162	not_entailment
163	not_entailment
164	not_entailment
165	not_entailment
166	not_entailment
167	not_entailment
168	not_entailment
169	not_entailment
170	not_entailment
171	not_entailment
172	not_entailment
173	not_entailment
174	not_entailment
175	not_entailment
176	not_entailment
177	not_entailment
178	not_entailment
179	not_entailment
180	not_entailment
181	not_entailment
182	entailment
183	not_entailment
184	not_entailment
185	not_entailment
186	not_entailment
187	not_entailment
188	not_entailment
189	not_entailment
190	not_entailment
191	not_entailment
192	not_entailment
193	not_entailment
194	not_entailment
195	not_entailment
196	not_entailment
197	not_entailment
198	not_entailment
199	not_entailment
200	not_entailment
201	not_entailment
202	not_entailment
203	not_entailment
204	entailment
205	not_entailment
206	not_entailment
207	not_entailment
208	not_entailment
209	not_entailment
210	not_entailment
211	not_entailment
212	not_entailment
213	not_entailment
214	not_entailment
215	not_entailment
216	not_entailment
217	not_entailment
218	not_entailment
219	not_entailment
220	not_entailment
221	not_entailment
222	not_entailment
223	not_entailment
224	not_entailment
225	not_entailment
226	not_entailment
227	not_entailment
228	not_entailment
229	not_entailment
230	not_entailment
231	not_entailment
232	not_entailment
233	not_entailment
234	not_entailment
235	not_entailment
236	not_entailment
237	not_entailment
238	not_entailment
239	entailment
240	not_entailment
241	not_entailment
242	not_entailment
243	not_entailment
244	entailment
245	not_entailment
246	not_entailment
247	not_entailment
248	not_entailment
249	not_entailment
250	not_entailment
251	not_entailment
252	not_entailment
253	not_entailment
254	not_entailment
255	entailment
256	not_entailment
257	not_entailment
258	not_entailment
259	not_entailment
260	not_entailment
261	not_entailment
262	not_entailment
263	not_entailment
264	not_entailment
265	not_entailment
266	not_entailment
267	not_entailment
268	not_entailment
269	not_entailment
270	not_entailment
271	not_entailment
272	not_entailment
273	entailment
274	not_entailment
275	not_entailment
276	not_entailment
277	not_entailment
278	not_entailment
279	not_entailment
280	not_entailment
281	not_entailment
282	not_entailment
283	not_entailment
284	not_entailment
285	not_entailment
286	not_entailment
287	not_entailment
288	not_entailment
289	not_entailment
290	not_entailment
291	not_entailment
292	not_entailment
293	not_entailment
294	not_entailment
295	entailment
296	not_entailment
297	not_entailment
298	entailment
299	not_entailment
300	not_entailment
301	not_entailment
302	not_entailment
303	not_entailment
304	not_entailment
305	not_entailment
306	not_entailment
307	not_entailment
308	not_entailment
309	not_entailment
310	not_entailment
311	not_entailment
312	not_entailment
313	not_entailment
314	not_entailment
315	not_entailment
316	not_entailment
317	not_entailment
318	not_entailment
319	not_entailment
320	not_entailment
321	not_entailment
322	not_entailment
323	not_entailment
324	not_entailment
325	not_entailment
326	not_entailment
327	entailment
328	not_entailment
329	not_entailment
330	not_entailment
331	not_entailment
332	not_entailment
333	entailment
334	not_entailment
335	not_entailment
336	not_entailment
337	not_entailment
338	not_entailment
339	not_entailment
340	not_entailment
341	not_entailment
342	not_entailment
343	not_entailment
344	not_entailment
345	entailment
346	entailment
347	not_entailment
348	not_entailment
349	not_entailment
350	not_entailment
351	not_entailment
352	not_entailment
353	not_entailment
354	not_entailment
355	not_entailment
356	not_entailment
357	not_entailment
358	not_entailment
359	not_entailment
360	not_entailment
361	entailment
362	not_entailment
363	not_entailment
364	not_entailment
365	not_entailment
366	not_entailment
367	not_entailment
368	not_entailment
369	not_entailment
370	not_entailment
371	not_entailment
372	not_entailment
373	entailment
374	not_entailment
375	not_entailment
376	not_entailment
377	not_entailment
378	not_entailment
379	not_entailment
380	not_entailment
381	not_entailment
382	not_entailment
383	not_entailment
384	not_entailment
385	not_entailment
386	not_entailment
387	not_entailment
388	not_entailment
389	not_entailment
390	not_entailment
391	not_entailment
392	not_entailment
393	not_entailment
394	not_entailment
395	not_entailment
396	not_entailment
397	not_entailment
398	not_entailment
399	not_entailment
400	not_entailment
401	not_entailment
402	not_entailment
403	not_entailment
404	not_entailment
405	entailment
406	not_entailment
407	not_entailment
408	not_entailment
409	not_entailment
410	not_entailment
411	not_entailment
412	not_entailment
413	not_entailment
414	not_entailment
415	not_entailment
416	not_entailment
417	not_entailment
418	not_entailment
419	not_entailment
420	not_entailment
421	not_entailment
422	not_entailment
423	not_entailment
424	not_entailment
425	not_entailment
426	not_entailment
427	entailment
428	not_entailment
429	not_entailment
430	not_entailment
431	not_entailment
432	not_entailment
433	not_entailment
434	not_entailment
435	not_entailment
436	not_entailment
437	entailment
438	not_entailment
439	not_entailment
440	not_entailment
441	not_entailment
442	not_entailment
443	not_entailment
444	not_entailment
445	not_entailment
446	not_entailment
447	not_entailment
448	not_entailment
449	not_entailment
450	not_entailment
451	not_entailment
452	entailment
453	not_entailment
454	not_entailment
455	not_entailment
456	entailment
457	not_entailment
458	not_entailment
459	entailment
460	not_entailment
461	entailment
462	not_entailment
463	entailment
464	not_entailment
465	entailment
466	not_entailment
467	not_entailment
468	not_entailment
469	not_entailment
470	not_entailment
471	not_entailment
472	not_entailment
473	not_entailment
474	entailment
475	not_entailment
476	not_entailment
477	not_entailment
478	not_entailment
479	not_entailment
480	not_entailment
481	not_entailment
482	not_entailment
483	not_entailment
484	not_entailment
485	not_entailment
486	entailment
487	not_entailment
488	not_entailment
489	not_entailment
490	not_entailment
491	not_entailment
492	not_entailment
493	not_entailment
494	not_entailment
495	not_entailment
496	not_entailment
497	not_entailment
498	entailment
499	not_entailment
500	not_entailment
501	not_entailment
502	not_entailment
503	not_entailment
504	not_entailment
505	not_entailment
506	not_entailment
507	not_entailment
508	not_entailment
509	not_entailment
510	not_entailment
511	not_entailment
512	not_entailment
513	not_entailment
514	entailment
515	not_entailment
516	entailment
517	not_entailment
518	not_entailment
519	not_entailment
520	entailment
521	not_entailment
522	not_entailment
523	entailment
524	entailment
525	not_entailment
526	not_entailment
527	entailment
528	not_entailment
529	not_entailment
530	not_entailment
531	not_entailment
532	not_entailment
533	not_entailment
534	not_entailment
535	not_entailment
536	not_entailment
537	not_entailment
538	not_entailment
539	not_entailment
540	not_entailment
541	not_entailment
542	not_entailment
543	not_entailment
544	not_entailment
545	entailment
546	not_entailment
547	entailment
548	not_entailment
549	not_entailment
550	entailment
551	not_entailment
552	not_entailment
553	not_entailment
554	not_entailment
555	entailment
556	not_entailment
557	entailment
558	not_entailment
559	entailment
560	not_entailment
561	not_entailment
562	not_entailment
563	not_entailment
564	not_entailment
565	not_entailment
566	not_entailment
567	not_entailment
568	not_entailment
569	not_entailment
570	not_entailment
571	not_entailment
572	not_entailment
573	not_entailment
574	not_entailment
575	not_entailment
576	not_entailment
577	not_entailment
578	not_entailment
579	not_entailment
580	not_entailment
581	not_entailment
582	entailment
583	not_entailment
584	not_entailment
585	not_entailment
586	not_entailment
587	not_entailment
588	entailment
589	not_entailment
590	not_entailment
591	not_entailment
592	not_entailment
593	not_entailment
594	not_entailment
595	entailment
596	not_entailment
597	not_entailment
598	not_entailment
599	not_entailment
600	not_entailment
601	not_entailment
602	not_entailment
603	not_entailment
604	not_entailment
605	not_entailment
606	not_entailment
607	not_entailment
608	not_entailment
609	not_entailment
610	not_entailment
611	not_entailment
612	not_entailment
613	not_entailment
614	not_entailment
615	not_entailment
616	not_entailment
617	not_entailment
618	not_entailment
619	not_entailment
620	not_entailment
621	not_entailment
622	not_entailment
623	not_entailment
624	not_entailment
625	not_entailment
626	not_entailment
627	not_entailment
628	not_entailment
629	not_entailment
630	not_entailment
631	not_entailment
632	not_entailment
633	not_entailment
634	not_entailment
635	entailment
636	not_entailment
637	not_entailment
638	not_entailment
639	not_entailment
640	not_entailment
641	not_entailment
642	not_entailment
643	not_entailment
644	not_entailment
645	not_entailment
646	not_entailment
647	not_entailment
648	not_entailment
649	not_entailment
650	not_entailment
651	not_entailment
652	not_entailment
653	not_entailment
654	not_entailment
655	not_entailment
656	not_entailment
657	not_entailment
658	not_entailment
659	not_entailment
660	not_entailment
661	not_entailment
662	not_entailment
663	not_entailment
664	not_entailment
665	not_entailment
666	not_entailment
667	not_entailment
668	not_entailment
669	not_entailment
670	not_entailment
671	not_entailment
672	not_entailment
673	not_entailment
674	not_entailment
675	not_entailment
676	not_entailment
677	not_entailment
678	not_entailment
679	not_entailment
680	not_entailment
681	not_entailment
682	not_entailment
683	not_entailment
684	not_entailment
685	not_entailment
686	not_entailment
687	not_entailment
688	not_entailment
689	not_entailment
690	not_entailment
691	not_entailment
692	not_entailment
693	not_entailment
694	not_entailment
695	not_entailment
696	not_entailment
697	not_entailment
698	not_entailment
699	not_entailment
700	not_entailment
701	not_entailment
702	not_entailment
703	not_entailment
704	not_entailment
705	not_entailment
706	not_entailment
707	entailment
708	not_entailment
709	not_entailment
710	not_entailment
711	not_entailment
712	not_entailment
713	not_entailment
714	not_entailment
715	not_entailment
716	not_entailment
717	not_entailment
718	not_entailment
719	not_entailment
720	not_entailment
721	not_entailment
722	not_entailment
723	not_entailment
724	not_entailment
725	not_entailment
726	entailment
727	not_entailment
728	not_entailment
729	not_entailment
730	entailment
731	not_entailment
732	not_entailment
733	not_entailment
734	not_entailment
735	not_entailment
736	not_entailment
737	not_entailment
738	entailment
739	not_entailment
740	not_entailment
741	not_entailment
742	not_entailment
743	not_entailment
744	not_entailment
745	entailment
746	not_entailment
747	not_entailment
748	not_entailment
749	not_entailment
750	not_entailment
751	not_entailment
752	not_entailment
753	not_entailment
754	not_entailment
755	not_entailment
756	not_entailment
757	not_entailment
758	not_entailment
759	not_entailment
760	not_entailment
761	not_entailment
762	not_entailment
763	entailment
764	not_entailment
765	not_entailment
766	not_entailment
767	not_entailment
768	not_entailment
769	not_entailment
770	not_entailment
771	entailment
772	not_entailment
773	not_entailment
774	not_entailment
775	not_entailment
776	not_entailment
777	entailment
778	entailment
779	not_entailment
780	not_entailment
781	not_entailment
782	not_entailment
783	not_entailment
784	not_entailment
785	entailment
786	not_entailment
787	not_entailment
788	not_entailment
789	not_entailment
790	not_entailment
791	not_entailment
792	not_entailment
793	not_entailment
794	not_entailment
795	entailment
796	not_entailment
797	not_entailment
798	not_entailment
799	not_entailment
800	not_entailment
801	not_entailment
802	not_entailment
803	not_entailment
804	not_entailment
805	not_entailment
806	not_entailment
807	not_entailment
808	not_entailment
809	not_entailment
810	not_entailment
811	entailment
812	entailment
813	not_entailment
814	not_entailment
815	entailment
816	not_entailment
817	not_entailment
818	not_entailment
819	not_entailment
820	not_entailment
821	not_entailment
822	not_entailment
823	not_entailment
824	not_entailment
825	not_entailment
826	entailment
827	not_entailment
828	not_entailment
829	not_entailment
830	not_entailment
831	entailment
832	entailment
833	not_entailment
834	not_entailment
835	not_entailment
836	entailment
837	not_entailment
838	not_entailment
839	not_entailment
840	not_entailment
841	not_entailment
842	entailment
843	not_entailment
844	not_entailment
845	not_entailment
846	not_entailment
847	not_entailment
848	not_entailment
849	not_entailment
850	not_entailment
851	not_entailment
852	not_entailment
853	not_entailment
854	entailment
855	entailment
856	not_entailment
857	not_entailment
858	not_entailment
859	not_entailment
860	not_entailment
861	not_entailment
862	entailment
863	not_entailment
864	not_entailment
865	not_entailment
866	entailment
867	entailment
868	entailment
869	entailment
870	not_entailment
871	not_entailment
872	not_entailment
873	not_entailment
874	not_entailment
875	not_entailment
876	not_entailment
877	not_entailment
878	not_entailment
879	not_entailment
880	not_entailment
881	not_entailment
882	not_entailment
883	not_entailment
884	not_entailment
885	not_entailment
886	not_entailment
887	not_entailment
888	not_entailment
889	not_entailment
890	not_entailment
891	not_entailment
892	not_entailment
893	not_entailment
894	not_entailment
895	not_entailment
896	entailment
897	not_entailment
898	not_entailment
899	not_entailment
900	not_entailment
901	not_entailment
902	not_entailment
903	not_entailment
904	not_entailment
905	not_entailment
906	entailment
907	entailment
908	not_entailment
909	not_entailment
910	not_entailment
911	not_entailment
912	not_entailment
913	not_entailment
914	not_entailment
915	entailment
916	entailment
917	not_entailment
918	not_entailment
919	not_entailment
920	not_entailment
921	entailment
922	not_entailment
923	not_entailment
924	not_entailment
925	not_entailment
926	entailment
927	entailment
928	not_entailment
929	not_entailment
930	not_entailment
931	not_entailment
932	not_entailment
933	not_entailment
934	not_entailment
935	entailment
936	not_entailment
937	not_entailment
938	not_entailment
939	not_entailment
940	not_entailment
941	not_entailment
942	not_entailment
943	not_entailment
944	not_entailment
945	not_entailment
946	not_entailment
947	not_entailment
948	not_entailment
949	not_entailment
950	entailment
951	not_entailment
952	not_entailment
953	not_entailment
954	entailment
955	not_entailment
956	not_entailment
957	not_entailment
958	not_entailment
959	not_entailment
960	entailment
961	not_entailment
962	not_entailment
963	not_entailment
964	not_entailment
965	not_entailment
966	not_entailment
967	not_entailment
968	not_entailment
969	not_entailment
970	not_entailment
971	not_entailment
972	not_entailment
973	not_entailment
974	not_entailment
975	entailment
976	not_entailment
977	not_entailment
978	entailment
979	not_entailment
980	not_entailment
981	not_entailment
982	not_entailment
983	not_entailment
984	not_entailment
985	not_entailment
986	not_entailment
987	not_entailment
988	not_entailment
989	not_entailment
990	not_entailment
991	not_entailment
992	not_entailment
993	not_entailment
994	entailment
995	not_entailment
996	not_entailment
997	not_entailment
998	entailment
999	entailment
1000	not_entailment
1001	not_entailment
1002	not_entailment
1003	not_entailment
1004	not_entailment
1005	not_entailment
1006	not_entailment
1007	not_entailment
1008	not_entailment
1009	not_entailment
1010	not_entailment
1011	not_entailment
1012	not_entailment
1013	not_entailment
1014	not_entailment
1015	entailment
1016	not_entailment
1017	not_entailment
1018	not_entailment
1019	entailment
1020	entailment
1021	not_entailment
1022	not_entailment
1023	not_entailment
1024	not_entailment
1025	not_entailment
1026	not_entailment
1027	entailment
1028	not_entailment
1029	not_entailment
1030	not_entailment
1031	not_entailment
1032	not_entailment
1033	not_entailment
1034	not_entailment
1035	not_entailment
1036	not_entailment
1037	not_entailment
1038	not_entailment
1039	not_entailment
1040	not_entailment
1041	not_entailment
1042	not_entailment
1043	not_entailment
1044	not_entailment
1045	not_entailment
1046	not_entailment
1047	not_entailment
1048	not_entailment
1049	not_entailment
1050	not_entailment
1051	entailment
1052	not_entailment
1053	not_entailment
1054	not_entailment
1055	not_entailment
1056	not_entailment
1057	not_entailment
1058	not_entailment
1059	not_entailment
1060	not_entailment
1061	not_entailment
1062	not_entailment
1063	not_entailment
1064	not_entailment
1065	not_entailment
1066	not_entailment
1067	not_entailment
1068	not_entailment
1069	not_entailment
1070	not_entailment
1071	not_entailment
1072	not_entailment
1073	not_entailment
1074	not_entailment
1075	not_entailment
1076	not_entailment
1077	not_entailment
1078	not_entailment
1079	not_entailment
1080	not_entailment
1081	not_entailment
1082	not_entailment
1083	not_entailment
1084	not_entailment
1085	not_entailment
1086	not_entailment
1087	not_entailment
1088	not_entailment
1089	not_entailment
1090	not_entailment
1091	not_entailment
1092	not_entailment
1093	not_entailment
1094	not_entailment
1095	not_entailment
1096	not_entailment
1097	not_entailment
1098	not_entailment
1099	not_entailment
1100	not_entailment
1101	not_entailment
1102	not_entailment
1103	not_entailment
1104	not_entailment
1105	not_entailment
1106	not_entailment
1107	not_entailment
1108	not_entailment
1109	not_entailment
1110	not_entailment
1111	not_entailment
1112	not_entailment
1113	not_entailment
1114	not_entailment
1115	not_entailment
1116	not_entailment
1117	not_entailment
1118	not_entailment
1119	entailment
1120	entailment
1121	not_entailment
1122	not_entailment
1123	not_entailment
1124	not_entailment
1125	not_entailment
1126	not_entailment
1127	not_entailment
1128	not_entailment
1129	not_entailment
1130	not_entailment
1131	not_entailment
1132	not_entailment
1133	not_entailment
1134	not_entailment
1135	not_entailment
1136	not_entailment
1137	not_entailment
1138	not_entailment
1139	entailment
1140	not_entailment
1141	not_entailment
1142	not_entailment
1143	not_entailment
1144	not_entailment
1145	not_entailment
1146	not_entailment
1147	not_entailment
1148	not_entailment
1149	not_entailment
1150	not_entailment
1151	not_entailment
1152	not_entailment
1153	not_entailment
1154	not_entailment
1155	entailment
1156	entailment
1157	not_entailment
1158	not_entailment
1159	not_entailment
1160	not_entailment
1161	not_entailment
1162	entailment
1163	not_entailment
1164	not_entailment
1165	not_entailment
1166	not_entailment
1167	not_entailment
1168	not_entailment
1169	not_entailment
1170	not_entailment
1171	not_entailment
1172	not_entailment
1173	not_entailment
1174	not_entailment
1175	not_entailment
1176	not_entailment
1177	not_entailment
1178	not_entailment
1179	not_entailment
1180	entailment
1181	not_entailment
1182	not_entailment
1183	not_entailment
1184	not_entailment
1185	not_entailment
1186	not_entailment
1187	not_entailment
1188	not_entailment
1189	not_entailment
1190	not_entailment
1191	not_entailment
1192	not_entailment
1193	not_entailment
1194	not_entailment
1195	not_entailment
1196	not_entailment
1197	not_entailment
1198	not_entailment
1199	not_entailment
1200	not_entailment
1201	not_entailment
1202	not_entailment
1203	not_entailment
1204	not_entailment
1205	not_entailment
1206	not_entailment
1207	not_entailment
1208	not_entailment
1209	not_entailment
1210	not_entailment
1211	not_entailment
1212	not_entailment
1213	not_entailment
1214	not_entailment
1215	not_entailment
1216	not_entailment
1217	not_entailment
1218	not_entailment
1219	not_entailment
1220	not_entailment
1221	not_entailment
1222	not_entailment
1223	not_entailment
1224	not_entailment
1225	not_entailment
1226	not_entailment
1227	not_entailment
1228	not_entailment
1229	not_entailment
1230	not_entailment
1231	entailment
1232	not_entailment
1233	entailment
1234	not_entailment
1235	not_entailment
1236	not_entailment
1237	not_entailment
1238	entailment
1239	not_entailment
1240	not_entailment
1241	not_entailment
1242	not_entailment
1243	not_entailment
1244	entailment
1245	not_entailment
1246	not_entailment
1247	not_entailment
1248	not_entailment
1249	entailment
1250	entailment
1251	not_entailment
1252	not_entailment
1253	entailment
1254	not_entailment
1255	not_entailment
1256	not_entailment
1257	not_entailment
1258	not_entailment
1259	not_entailment
1260	not_entailment
1261	not_entailment
1262	not_entailment
1263	not_entailment
1264	not_entailment
1265	not_entailment
1266	not_entailment
1267	not_entailment
1268	entailment
1269	not_entailment
1270	not_entailment
1271	not_entailment
1272	not_entailment
1273	not_entailment
1274	entailment
1275	not_entailment
1276	not_entailment
1277	not_entailment
1278	entailment
1279	not_entailment
1280	not_entailment
1281	not_entailment
1282	not_entailment
1283	entailment
1284	not_entailment
1285	entailment
1286	not_entailment
1287	not_entailment
1288	not_entailment
1289	not_entailment
1290	not_entailment
1291	entailment
1292	not_entailment
1293	entailment
1294	not_entailment
1295	entailment
1296	not_entailment
1297	not_entailment
1298	not_entailment
1299	not_entailment
1300	entailment
1301	entailment
1302	entailment
1303	not_entailment
1304	not_entailment
1305	entailment
1306	not_entailment
1307	not_entailment
1308	not_entailment
1309	not_entailment
1310	not_entailment
1311	not_entailment
1312	not_entailment
1313	entailment
1314	not_entailment
1315	not_entailment
1316	not_entailment
1317	not_entailment
1318	not_entailment
1319	not_entailment
1320	entailment
1321	not_entailment
1322	not_entailment
1323	not_entailment
1324	entailment
1325	not_entailment
1326	not_entailment
1327	not_entailment
1328	not_entailment
1329	not_entailment
1330	not_entailment
1331	not_entailment
1332	not_entailment
1333	entailment
1334	not_entailment
1335	not_entailment
1336	not_entailment
1337	not_entailment
1338	not_entailment
1339	not_entailment
1340	not_entailment
1341	not_entailment
1342	not_entailment
1343	not_entailment
1344	not_entailment
1345	not_entailment
1346	not_entailment
1347	not_entailment
1348	not_entailment
1349	entailment
1350	not_entailment
1351	not_entailment
1352	not_entailment
1353	not_entailment
1354	not_entailment
1355	not_entailment
1356	not_entailment
1357	not_entailment
1358	entailment
1359	entailment
1360	entailment
1361	not_entailment
1362	not_entailment
1363	not_entailment
1364	not_entailment
1365	not_entailment
1366	not_entailment
1367	not_entailment
1368	not_entailment
1369	not_entailment
1370	not_entailment
1371	not_entailment
1372	not_entailment
1373	not_entailment
1374	not_entailment
1375	not_entailment
1376	not_entailment
1377	not_entailment
1378	not_entailment
1379	not_entailment
1380	not_entailment
1381	entailment
1382	not_entailment
1383	not_entailment
1384	not_entailment
1385	not_entailment
1386	not_entailment
1387	not_entailment
1388	not_entailment
1389	not_entailment
1390	not_entailment
1391	not_entailment
1392	not_entailment
1393	not_entailment
1394	not_entailment
1395	not_entailment
1396	not_entailment
1397	not_entailment
1398	not_entailment
1399	not_entailment
1400	not_entailment
1401	not_entailment
1402	not_entailment
1403	not_entailment
1404	not_entailment
1405	entailment
1406	not_entailment
1407	not_entailment
1408	not_entailment
1409	not_entailment
1410	not_entailment
1411	not_entailment
1412	not_entailment
1413	entailment
1414	not_entailment
1415	not_entailment
1416	not_entailment
1417	not_entailment
1418	not_entailment
1419	not_entailment
1420	not_entailment
1421	not_entailment
1422	not_entailment
1423	not_entailment
1424	not_entailment
1425	not_entailment
1426	entailment
1427	not_entailment
1428	not_entailment
1429	not_entailment
1430	not_entailment
1431	not_entailment
1432	not_entailment
1433	not_entailment
1434	not_entailment
1435	not_entailment
1436	not_entailment
1437	entailment
1438	not_entailment
1439	not_entailment
1440	not_entailment
1441	not_entailment
1442	not_entailment
1443	not_entailment
1444	not_entailment
1445	not_entailment
1446	not_entailment
1447	not_entailment
1448	not_entailment
1449	not_entailment
1450	not_entailment
1451	not_entailment
1452	not_entailment
1453	not_entailment
1454	not_entailment
1455	not_entailment
1456	not_entailment
1457	not_entailment
1458	not_entailment
1459	not_entailment
1460	not_entailment
1461	not_entailment
1462	not_entailment
1463	not_entailment
1464	not_entailment
1465	not_entailment
1466	not_entailment
1467	not_entailment
1468	not_entailment
1469	not_entailment
1470	not_entailment
1471	not_entailment
1472	not_entailment
1473	not_entailment
1474	not_entailment
1475	not_entailment
1476	not_entailment
1477	not_entailment
1478	not_entailment
1479	not_entailment
1480	entailment
1481	not_entailment
1482	not_entailment
1483	not_entailment
1484	not_entailment
1485	not_entailment
1486	not_entailment
1487	not_entailment
1488	not_entailment
1489	not_entailment
1490	not_entailment
1491	not_entailment
1492	not_entailment
1493	not_entailment
1494	not_entailment
1495	not_entailment
1496	not_entailment
1497	not_entailment
1498	not_entailment
1499	not_entailment
1500	not_entailment
1501	not_entailment
1502	not_entailment
1503	not_entailment
1504	not_entailment
1505	not_entailment
1506	not_entailment
1507	not_entailment
1508	entailment
1509	not_entailment
1510	not_entailment
1511	not_entailment
1512	not_entailment
1513	not_entailment
1514	not_entailment
1515	not_entailment
1516	not_entailment
1517	not_entailment
1518	not_entailment
1519	not_entailment
1520	not_entailment
1521	not_entailment
1522	not_entailment
1523	not_entailment
1524	not_entailment
1525	not_entailment
1526	not_entailment
1527	not_entailment
1528	not_entailment
1529	not_entailment
1530	not_entailment
1531	not_entailment
1532	not_entailment
1533	not_entailment
1534	not_entailment
1535	not_entailment
1536	not_entailment
1537	not_entailment
1538	not_entailment
1539	not_entailment
1540	not_entailment
1541	not_entailment
1542	not_entailment
1543	not_entailment
1544	not_entailment
1545	not_entailment
1546	not_entailment
1547	not_entailment
1548	not_entailment
1549	not_entailment
1550	not_entailment
1551	not_entailment
1552	not_entailment
1553	not_entailment
1554	not_entailment
1555	not_entailment
1556	not_entailment
1557	not_entailment
1558	not_entailment
1559	not_entailment
1560	not_entailment
1561	not_entailment
1562	not_entailment
1563	not_entailment
1564	not_entailment
1565	not_entailment
1566	not_entailment
1567	not_entailment
1568	not_entailment
1569	not_entailment
1570	not_entailment
1571	not_entailment
1572	not_entailment
1573	not_entailment
1574	not_entailment
1575	not_entailment
1576	entailment
1577	not_entailment
1578	not_entailment
1579	not_entailment
1580	not_entailment
1581	not_entailment
1582	not_entailment
1583	not_entailment
1584	not_entailment
1585	not_entailment
1586	not_entailment
1587	not_entailment
1588	not_entailment
1589	not_entailment
1590	not_entailment
1591	not_entailment
1592	not_entailment
1593	not_entailment
1594	not_entailment
1595	not_entailment
1596	not_entailment
1597	not_entailment
1598	not_entailment
1599	not_entailment
1600	not_entailment
1601	not_entailment
1602	entailment
1603	not_entailment
1604	not_entailment
1605	not_entailment
1606	not_entailment
1607	not_entailment
1608	entailment
1609	not_entailment
1610	not_entailment
1611	not_entailment
1612	not_entailment
1613	not_entailment
1614	not_entailment
1615	entailment
1616	not_entailment
1617	not_entailment
1618	not_entailment
1619	not_entailment
1620	not_entailment
1621	entailment
1622	not_entailment
1623	not_entailment
1624	not_entailment
1625	not_entailment
1626	not_entailment
1627	not_entailment
1628	entailment
1629	not_entailment
1630	not_entailment
1631	not_entailment
1632	entailment
1633	not_entailment
1634	not_entailment
1635	not_entailment
1636	not_entailment
1637	not_entailment
1638	not_entailment
1639	entailment
1640	not_entailment
1641	entailment
1642	not_entailment
1643	not_entailment
1644	not_entailment
1645	not_entailment
1646	not_entailment
1647	not_entailment
1648	not_entailment
1649	not_entailment
1650	entailment
1651	not_entailment
1652	not_entailment
1653	not_entailment
1654	not_entailment
1655	entailment
1656	not_entailment
1657	not_entailment
1658	not_entailment
1659	not_entailment
1660	not_entailment
1661	not_entailment
1662	not_entailment
1663	not_entailment
1664	not_entailment
1665	not_entailment
1666	not_entailment
1667	not_entailment
1668	not_entailment
1669	not_entailment
1670	entailment
1671	not_entailment
1672	not_entailment
1673	not_entailment
1674	not_entailment
1675	not_entailment
1676	not_entailment
1677	not_entailment
1678	not_entailment
1679	not_entailment
1680	not_entailment
1681	not_entailment
1682	entailment
1683	not_entailment
1684	not_entailment
1685	not_entailment
1686	not_entailment
1687	not_entailment
1688	not_entailment
1689	not_entailment
1690	not_entailment
1691	not_entailment
1692	not_entailment
1693	entailment
1694	not_entailment
1695	entailment
1696	not_entailment
1697	entailment
1698	entailment
1699	not_entailment
1700	not_entailment
1701	not_entailment
1702	not_entailment
1703	not_entailment
1704	entailment
1705	not_entailment
1706	not_entailment
1707	not_entailment
1708	not_entailment
1709	not_entailment
1710	not_entailment
1711	not_entailment
1712	not_entailment
1713	not_entailment
1714	not_entailment
1715	entailment
1716	entailment
1717	not_entailment
1718	not_entailment
1719	not_entailment
1720	not_entailment
1721	not_entailment
1722	not_entailment
1723	not_entailment
1724	entailment
1725	not_entailment
1726	not_entailment
1727	not_entailment
1728	not_entailment
1729	not_entailment
1730	not_entailment
1731	not_entailment
1732	not_entailment
1733	not_entailment
1734	not_entailment
1735	not_entailment
1736	not_entailment
1737	not_entailment
1738	not_entailment
1739	not_entailment
1740	not_entailment
1741	entailment
1742	not_entailment
1743	not_entailment
1744	not_entailment
1745	not_entailment
1746	not_entailment
1747	not_entailment
1748	not_entailment
1749	not_entailment
1750	not_entailment
1751	entailment
1752	not_entailment
1753	not_entailment
1754	not_entailment
1755	not_entailment
1756	not_entailment
1757	not_entailment
1758	not_entailment
1759	entailment
1760	not_entailment
1761	not_entailment
1762	not_entailment
1763	not_entailment
1764	not_entailment
1765	not_entailment
1766	not_entailment
1767	not_entailment
1768	not_entailment
1769	not_entailment
1770	not_entailment
1771	not_entailment
1772	not_entailment
1773	not_entailment
1774	not_entailment
1775	not_entailment
1776	not_entailment
1777	entailment
1778	entailment
1779	not_entailment
1780	not_entailment
1781	not_entailment
1782	not_entailment
1783	not_entailment
1784	not_entailment
1785	entailment
1786	entailment
1787	not_entailment
1788	not_entailment
1789	not_entailment
1790	not_entailment
1791	not_entailment
1792	not_entailment
1793	not_entailment
1794	not_entailment
1795	not_entailment
1796	not_entailment
1797	not_entailment
1798	not_entailment
1799	not_entailment
1800	entailment
1801	not_entailment
1802	not_entailment
1803	not_entailment
1804	not_entailment
1805	not_entailment
1806	not_entailment
1807	entailment
1808	entailment
1809	not_entailment
1810	not_entailment
1811	not_entailment
1812	not_entailment
1813	not_entailment
1814	not_entailment
1815	not_entailment
1816	not_entailment
1817	not_entailment
1818	not_entailment
1819	not_entailment
1820	not_entailment
1821	not_entailment
1822	not_entailment
1823	not_entailment
1824	not_entailment
1825	not_entailment
1826	not_entailment
1827	not_entailment
1828	not_entailment
1829	not_entailment
1830	not_entailment
1831	not_entailment
1832	not_entailment
1833	entailment
1834	not_entailment
1835	not_entailment
1836	not_entailment
1837	entailment
1838	not_entailment
1839	not_entailment
1840	not_entailment
1841	not_entailment
1842	entailment
1843	not_entailment
1844	not_entailment
1845	not_entailment
1846	not_entailment
1847	not_entailment
1848	not_entailment
1849	entailment
1850	entailment
1851	not_entailment
1852	not_entailment
1853	not_entailment
1854	not_entailment
1855	not_entailment
1856	not_entailment
1857	entailment
1858	not_entailment
1859	not_entailment
1860	not_entailment
1861	not_entailment
1862	not_entailment
1863	entailment
1864	not_entailment
1865	not_entailment
1866	not_entailment
1867	not_entailment
1868	not_entailment
1869	not_entailment
1870	entailment
1871	not_entailment
1872	not_entailment
1873	not_entailment
1874	not_entailment
1875	not_entailment
1876	not_entailment
1877	not_entailment
1878	not_entailment
1879	not_entailment
1880	not_entailment
1881	not_entailment
1882	not_entailment
1883	not_entailment
1884	not_entailment
1885	not_entailment
1886	not_entailment
1887	not_entailment
1888	entailment
1889	not_entailment
1890	not_entailment
1891	entailment
1892	not_entailment
1893	not_entailment
1894	entailment
1895	entailment
1896	not_entailment
1897	not_entailment
1898	not_entailment
1899	not_entailment
1900	not_entailment
1901	not_entailment
1902	not_entailment
1903	not_entailment
1904	entailment
1905	not_entailment
1906	not_entailment
1907	not_entailment
1908	not_entailment
1909	not_entailment
1910	not_entailment
1911	not_entailment
1912	not_entailment
1913	not_entailment
1914	not_entailment
1915	not_entailment
1916	not_entailment
1917	not_entailment
1918	not_entailment
1919	not_entailment
1920	not_entailment
1921	entailment
1922	not_entailment
1923	not_entailment
1924	not_entailment
1925	not_entailment
1926	not_entailment
1927	entailment
1928	not_entailment
1929	not_entailment
1930	not_entailment
1931	not_entailment
1932	not_entailment
1933	not_entailment
1934	not_entailment
1935	not_entailment
1936	not_entailment
1937	not_entailment
1938	not_entailment
1939	not_entailment
1940	not_entailment
1941	entailment
1942	not_entailment
1943	not_entailment
1944	not_entailment
1945	not_entailment
1946	not_entailment
1947	not_entailment
1948	not_entailment
1949	not_entailment
1950	not_entailment
1951	not_entailment
1952	not_entailment
1953	not_entailment
1954	not_entailment
1955	not_entailment
1956	not_entailment
1957	not_entailment
1958	not_entailment
1959	not_entailment
1960	not_entailment
1961	not_entailment
1962	not_entailment
1963	not_entailment
1964	not_entailment
1965	not_entailment
1966	not_entailment
1967	not_entailment
1968	not_entailment
1969	not_entailment
1970	entailment
1971	not_entailment
1972	not_entailment
1973	not_entailment
1974	not_entailment
1975	not_entailment
1976	not_entailment
1977	not_entailment
1978	not_entailment
1979	not_entailment
1980	not_entailment
1981	not_entailment
1982	not_entailment
1983	not_entailment
1984	not_entailment
1985	not_entailment
1986	not_entailment
1987	not_entailment
1988	not_entailment
1989	not_entailment
1990	not_entailment
1991	not_entailment
1992	not_entailment
1993	not_entailment
1994	not_entailment
1995	not_entailment
1996	not_entailment
1997	not_entailment
1998	not_entailment
1999	not_entailment
2000	not_entailment
2001	not_entailment
2002	not_entailment
2003	not_entailment
2004	not_entailment
2005	not_entailment
2006	not_entailment
2007	not_entailment
2008	not_entailment
2009	not_entailment
2010	not_entailment
2011	not_entailment
2012	not_entailment
2013	not_entailment
2014	not_entailment
2015	not_entailment
2016	not_entailment
2017	not_entailment
2018	not_entailment
2019	not_entailment
2020	not_entailment
2021	not_entailment
2022	not_entailment
2023	not_entailment
2024	not_entailment
2025	not_entailment
2026	not_entailment
2027	not_entailment
2028	not_entailment
2029	not_entailment
2030	not_entailment
2031	not_entailment
2032	not_entailment
2033	not_entailment
2034	not_entailment
2035	not_entailment
2036	not_entailment
2037	not_entailment
2038	not_entailment
2039	not_entailment
2040	not_entailment
2041	not_entailment
2042	not_entailment
2043	not_entailment
2044	not_entailment
2045	not_entailment
2046	not_entailment
2047	not_entailment
2048	not_entailment
2049	not_entailment
2050	entailment
2051	not_entailment
2052	not_entailment
2053	not_entailment
2054	not_entailment
2055	not_entailment
2056	not_entailment
2057	not_entailment
2058	not_entailment
2059	not_entailment
2060	not_entailment
2061	not_entailment
2062	not_entailment
2063	not_entailment
2064	not_entailment
2065	not_entailment
2066	not_entailment
2067	not_entailment
2068	entailment
2069	not_entailment
2070	not_entailment
2071	not_entailment
2072	not_entailment
2073	not_entailment
2074	entailment
2075	not_entailment
2076	not_entailment
2077	not_entailment
2078	not_entailment
2079	entailment
2080	not_entailment
2081	not_entailment
2082	not_entailment
2083	entailment
2084	not_entailment
2085	not_entailment
2086	not_entailment
2087	not_entailment
2088	not_entailment
2089	not_entailment
2090	not_entailment
2091	not_entailment
2092	not_entailment
2093	not_entailment
2094	entailment
2095	not_entailment
2096	not_entailment
2097	not_entailment
2098	not_entailment
2099	entailment
2100	not_entailment
2101	entailment
2102	not_entailment
2103	not_entailment
2104	not_entailment
2105	not_entailment
2106	not_entailment
2107	not_entailment
2108	not_entailment
2109	not_entailment
2110	not_entailment
2111	not_entailment
2112	not_entailment
2113	not_entailment
2114	entailment
2115	not_entailment
2116	not_entailment
2117	not_entailment
2118	not_entailment
2119	not_entailment
2120	not_entailment
2121	not_entailment
2122	not_entailment
2123	not_entailment
2124	not_entailment
2125	not_entailment
2126	not_entailment
2127	entailment
2128	not_entailment
2129	not_entailment
2130	not_entailment
2131	not_entailment
2132	not_entailment
2133	not_entailment
2134	not_entailment
2135	not_entailment
2136	not_entailment
2137	entailment
2138	entailment
2139	not_entailment
2140	not_entailment
2141	not_entailment
2142	not_entailment
2143	not_entailment
2144	not_entailment
2145	not_entailment
2146	not_entailment
2147	not_entailment
2148	not_entailment
2149	not_entailment
2150	not_entailment
2151	not_entailment
2152	entailment
2153	not_entailment
2154	not_entailment
2155	not_entailment
2156	not_entailment
2157	not_entailment
2158	not_entailment
2159	not_entailment
2160	entailment
2161	not_entailment
2162	not_entailment
2163	not_entailment
2164	not_entailment
2165	entailment
2166	not_entailment
2167	entailment
2168	not_entailment
2169	not_entailment
2170	not_entailment
2171	not_entailment
2172	not_entailment
2173	not_entailment
2174	not_entailment
2175	not_entailment
2176	not_entailment
2177	not_entailment
2178	entailment
2179	not_entailment
2180	not_entailment
2181	not_entailment
2182	not_entailment
2183	not_entailment
2184	not_entailment
2185	not_entailment
2186	not_entailment
2187	not_entailment
2188	not_entailment
2189	not_entailment
2190	not_entailment
2191	not_entailment
2192	not_entailment
2193	entailment
2194	entailment
2195	not_entailment
2196	not_entailment
2197	not_entailment
2198	not_entailment
2199	not_entailment
2200	not_entailment
2201	not_entailment
2202	entailment
2203	not_entailment
2204	not_entailment
2205	not_entailment
2206	not_entailment
2207	not_entailment
2208	not_entailment
2209	not_entailment
2210	not_entailment
2211	not_entailment
2212	not_entailment
2213	entailment
2214	not_entailment
2215	not_entailment
2216	not_entailment
2217	not_entailment
2218	not_entailment
2219	entailment
2220	not_entailment
2221	not_entailment
2222	not_entailment
2223	not_entailment
2224	not_entailment
2225	not_entailment
2226	not_entailment
2227	not_entailment
2228	not_entailment
2229	not_entailment
2230	not_entailment
2231	not_entailment
2232	entailment
2233	not_entailment
2234	not_entailment
2235	not_entailment
2236	not_entailment
2237	not_entailment
2238	not_entailment
2239	not_entailment
2240	not_entailment
2241	not_entailment
2242	entailment
2243	not_entailment
2244	not_entailment
2245	not_entailment
2246	not_entailment
2247	not_entailment
2248	not_entailment
2249	entailment
2250	not_entailment
2251	not_entailment
2252	not_entailment
2253	not_entailment
2254	not_entailment
2255	not_entailment
2256	not_entailment
2257	not_entailment
2258	not_entailment
2259	not_entailment
2260	not_entailment
2261	not_entailment
2262	not_entailment
2263	entailment
2264	not_entailment
2265	not_entailment
2266	not_entailment
2267	entailment
2268	not_entailment
2269	not_entailment
2270	entailment
2271	not_entailment
2272	not_entailment
2273	not_entailment
2274	not_entailment
2275	not_entailment
2276	not_entailment
2277	not_entailment
2278	not_entailment
2279	not_entailment
2280	not_entailment
2281	not_entailment
2282	not_entailment
2283	not_entailment
2284	not_entailment
2285	not_entailment
2286	not_entailment
2287	not_entailment
2288	not_entailment
2289	not_entailment
2290	not_entailment
2291	not_entailment
2292	not_entailment
2293	not_entailment
2294	not_entailment
2295	not_entailment
2296	not_entailment
2297	not_entailment
2298	not_entailment
2299	not_entailment
2300	not_entailment
2301	not_entailment
2302	not_entailment
2303	not_entailment
2304	not_entailment
2305	not_entailment
2306	not_entailment
2307	not_entailment
2308	not_entailment
2309	not_entailment
2310	not_entailment
2311	not_entailment
2312	not_entailment
2313	entailment
2314	not_entailment
2315	not_entailment
2316	not_entailment
2317	not_entailment
2318	entailment
2319	not_entailment
2320	not_entailment
2321	not_entailment
2322	not_entailment
2323	not_entailment
2324	not_entailment
2325	not_entailment
2326	not_entailment
2327	not_entailment
2328	not_entailment
2329	not_entailment
2330	not_entailment
2331	entailment
2332	not_entailment
2333	not_entailment
2334	not_entailment
2335	not_entailment
2336	not_entailment
2337	not_entailment
2338	not_entailment
2339	not_entailment
2340	not_entailment
2341	not_entailment
2342	not_entailment
2343	not_entailment
2344	not_entailment
2345	not_entailment
2346	entailment
2347	not_entailment
2348	not_entailment
2349	not_entailment
2350	not_entailment
2351	entailment
2352	not_entailment
2353	not_entailment
2354	not_entailment
2355	not_entailment
2356	not_entailment
2357	not_entailment
2358	not_entailment
2359	not_entailment
2360	not_entailment
2361	not_entailment
2362	not_entailment
2363	entailment
2364	not_entailment
2365	not_entailment
2366	not_entailment
2367	not_entailment
2368	not_entailment
2369	not_entailment
2370	not_entailment
2371	not_entailment
2372	not_entailment
2373	not_entailment
2374	not_entailment
2375	not_entailment
2376	not_entailment
2377	not_entailment
2378	not_entailment
2379	not_entailment
2380	not_entailment
2381	not_entailment
2382	not_entailment
2383	not_entailment
2384	not_entailment
2385	not_entailment
2386	not_entailment
2387	not_entailment
2388	not_entailment
2389	not_entailment
2390	not_entailment
2391	not_entailment
2392	not_entailment
2393	not_entailment
2394	not_entailment
2395	not_entailment
2396	not_entailment
2397	not_entailment
2398	not_entailment
2399	not_entailment
2400	entailment
2401	not_entailment
2402	entailment
2403	entailment
2404	entailment
2405	entailment
2406	entailment
2407	entailment
2408	entailment
2409	entailment
2410	entailment
2411	entailment
2412	entailment
2413	not_entailment
2414	entailment
2415	entailment
2416	entailment
2417	entailment
2418	entailment
2419	entailment
2420	entailment
2421	entailment
2422	entailment
2423	entailment
2424	entailment
2425	entailment
2426	entailment
2427	entailment
2428	entailment
2429	entailment
2430	entailment
2431	entailment
2432	entailment
2433	entailment
2434	entailment
2435	not_entailment
2436	not_entailment
2437	entailment
2438	entailment
2439	entailment
2440	entailment
2441	entailment
2442	entailment
2443	entailment
2444	entailment
2445	not_entailment
2446	not_entailment
2447	entailment
2448	entailment
2449	entailment
2450	entailment
2451	entailment
2452	entailment
2453	entailment
2454	entailment
2455	entailment
2456	entailment
2457	entailment
2458	entailment
2459	entailment
2460	entailment
2461	entailment
2462	entailment
2463	entailment
2464	entailment
2465	not_entailment
2466	entailment
2467	entailment
2468	not_entailment
2469	entailment
2470	not_entailment
2471	entailment
2472	entailment
2473	entailment
2474	entailment
2475	entailment
2476	entailment
2477	entailment
2478	entailment
2479	entailment
2480	entailment
2481	entailment
2482	entailment
2483	entailment
2484	entailment
2485	not_entailment
2486	entailment
2487	entailment
2488	entailment
2489	entailment
2490	entailment
2491	entailment
2492	entailment
2493	entailment
2494	entailment
2495	entailment
2496	entailment
2497	entailment
2498	entailment
2499	not_entailment
2500	entailment
2501	entailment
2502	entailment
2503	entailment
2504	entailment
2505	entailment
2506	entailment
2507	entailment
2508	entailment
2509	not_entailment
2510	entailment
2511	entailment
2512	entailment
2513	entailment
2514	entailment
2515	entailment
2516	entailment
2517	entailment
2518	entailment
2519	not_entailment
2520	entailment
2521	entailment
2522	entailment
2523	entailment
2524	entailment
2525	entailment
2526	entailment
2527	entailment
2528	entailment
2529	not_entailment
2530	entailment
2531	entailment
2532	entailment
2533	not_entailment
2534	entailment
2535	entailment
2536	entailment
2537	entailment
2538	entailment
2539	entailment
2540	entailment
2541	entailment
2542	not_entailment
2543	entailment
2544	entailment
2545	entailment
2546	not_entailment
2547	entailment
2548	entailment
2549	entailment
2550	entailment
2551	entailment
2552	not_entailment
2553	entailment
2554	entailment
2555	not_entailment
2556	entailment
2557	not_entailment
2558	entailment
2559	entailment
2560	entailment
2561	entailment
2562	entailment
2563	entailment
2564	entailment
2565	entailment
2566	entailment
2567	not_entailment
2568	not_entailment
2569	entailment
2570	entailment
2571	not_entailment
2572	not_entailment
2573	entailment
2574	entailment
2575	entailment
2576	entailment
2577	entailment
2578	entailment
2579	not_entailment
2580	not_entailment
2581	entailment
2582	entailment
2583	entailment
2584	entailment
2585	entailment
2586	entailment
2587	entailment
2588	entailment
2589	entailment
2590	entailment
2591	not_entailment
2592	entailment
2593	entailment
2594	not_entailment
2595	not_entailment
2596	not_entailment
2597	entailment
2598	entailment
2599	entailment
2600	entailment
2601	entailment
2602	entailment
2603	entailment
2604	entailment
2605	not_entailment
2606	entailment
2607	entailment
2608	entailment
2609	entailment
2610	entailment
2611	entailment
2612	entailment
2613	entailment
2614	entailment
2615	entailment
2616	entailment
2617	entailment
2618	entailment
2619	entailment
2620	entailment
2621	entailment
2622	entailment
2623	entailment
2624	entailment
2625	entailment
2626	entailment
2627	entailment
2628	entailment
2629	entailment
2630	entailment
2631	entailment
2632	entailment
2633	entailment
2634	entailment
2635	entailment
2636	entailment
2637	not_entailment
2638	entailment
2639	entailment
2640	entailment
2641	entailment
2642	not_entailment
2643	entailment
2644	entailment
2645	entailment
2646	entailment
2647	entailment
2648	entailment
2649	entailment
2650	entailment
2651	entailment
2652	entailment
2653	entailment
2654	entailment
2655	entailment
2656	entailment
2657	not_entailment
2658	entailment
2659	entailment
2660	entailment
2661	entailment
2662	entailment
2663	entailment
2664	entailment
2665	entailment
2666	entailment
2667	entailment
2668	entailment
2669	entailment
2670	entailment
2671	entailment
2672	entailment
2673	not_entailment
2674	entailment
2675	entailment
2676	entailment
2677	entailment
2678	entailment
2679	entailment
2680	entailment
2681	not_entailment
2682	entailment
2683	not_entailment
2684	entailment
2685	entailment
2686	entailment
2687	entailment
2688	entailment
2689	entailment
2690	not_entailment
2691	entailment
2692	entailment
2693	entailment
2694	not_entailment
2695	entailment
2696	entailment
2697	entailment
2698	entailment
2699	entailment
2700	entailment
2701	entailment
2702	entailment
2703	entailment
2704	entailment
2705	entailment
2706	entailment
2707	entailment
2708	entailment
2709	entailment
2710	not_entailment
2711	entailment
2712	entailment
2713	entailment
2714	not_entailment
2715	entailment
2716	entailment
2717	entailment
2718	entailment
2719	entailment
2720	entailment
2721	entailment
2722	entailment
2723	entailment
2724	entailment
2725	entailment
2726	entailment
2727	entailment
2728	entailment
2729	entailment
2730	entailment
2731	entailment
2732	entailment
2733	entailment
2734	entailment
2735	entailment
2736	entailment
2737	entailment
2738	entailment
2739	entailment
2740	entailment
2741	entailment
2742	not_entailment
2743	not_entailment
2744	entailment
2745	entailment
2746	entailment
2747	entailment
2748	entailment
2749	not_entailment
2750	entailment
2751	entailment
2752	entailment
2753	entailment
2754	entailment
2755	entailment
2756	entailment
2757	entailment
2758	entailment
2759	entailment
2760	entailment
2761	entailment
2762	not_entailment
2763	entailment
2764	entailment
2765	entailment
2766	entailment
2767	entailment
2768	entailment
2769	entailment
2770	entailment
2771	entailment
2772	entailment
2773	entailment
2774	entailment
2775	entailment
2776	entailment
2777	entailment
2778	entailment
2779	entailment
2780	entailment
2781	entailment
2782	entailment
2783	entailment
2784	entailment
2785	not_entailment
2786	entailment
2787	entailment
2788	entailment
2789	entailment
2790	entailment
2791	not_entailment
2792	entailment
2793	entailment
2794	entailment
2795	not_entailment
2796	entailment
2797	entailment
2798	entailment
2799	entailment
2800	not_entailment
2801	entailment
2802	not_entailment
2803	entailment
2804	entailment
2805	entailment
2806	entailment
2807	entailment
2808	entailment
2809	not_entailment
2810	entailment
2811	entailment
2812	entailment
2813	not_entailment
2814	entailment
2815	entailment
2816	entailment
2817	entailment
2818	entailment
2819	not_entailment
2820	entailment
2821	not_entailment
2822	not_entailment
2823	not_entailment
2824	entailment
2825	entailment
2826	entailment
2827	not_entailment
2828	entailment
2829	entailment
2830	entailment
2831	not_entailment
2832	entailment
2833	entailment
2834	entailment
2835	entailment
2836	not_entailment
2837	entailment
2838	entailment
2839	not_entailment
2840	not_entailment
2841	entailment
2842	not_entailment
2843	not_entailment
2844	entailment
2845	entailment
2846	entailment
2847	entailment
2848	entailment
2849	not_entailment
2850	entailment
2851	entailment
2852	entailment
2853	entailment
2854	entailment
2855	not_entailment
2856	not_entailment
2857	not_entailment
2858	not_entailment
2859	not_entailment
2860	entailment
2861	not_entailment
2862	entailment
2863	not_entailment
2864	entailment
2865	entailment
2866	entailment
2867	entailment
2868	entailment
2869	entailment
2870	entailment
2871	entailment
2872	entailment
2873	entailment
2874	entailment
2875	not_entailment
2876	entailment
2877	entailment
2878	entailment
2879	entailment
2880	entailment
2881	not_entailment
2882	entailment
2883	not_entailment
2884	not_entailment
2885	entailment
2886	not_entailment
2887	not_entailment
2888	not_entailment
2889	entailment
2890	entailment
2891	entailment
2892	entailment
2893	entailment
2894	entailment
2895	entailment
2896	entailment
2897	not_entailment
2898	entailment
2899	not_entailment
2900	entailment
2901	entailment
2902	entailment
2903	entailment
2904	entailment
2905	entailment
2906	entailment
2907	not_entailment
2908	not_entailment
2909	entailment
2910	entailment
2911	entailment
2912	entailment
2913	entailment
2914	entailment
2915	not_entailment
2916	entailment
2917	entailment
2918	entailment
2919	entailment
2920	entailment
2921	entailment
2922	not_entailment
2923	entailment
2924	entailment
2925	entailment
2926	entailment
2927	entailment
2928	not_entailment
2929	entailment
2930	entailment
2931	not_entailment
2932	not_entailment
2933	entailment
2934	entailment
2935	entailment
2936	entailment
2937	not_entailment
2938	entailment
2939	entailment
2940	not_entailment
2941	not_entailment
2942	entailment
2943	not_entailment
2944	entailment
2945	entailment
2946	entailment
2947	not_entailment
2948	not_entailment
2949	not_entailment
2950	not_entailment
2951	not_entailment
2952	entailment
2953	entailment
2954	entailment
2955	entailment
2956	entailment
2957	not_entailment
2958	entailment
2959	not_entailment
2960	not_entailment
2961	entailment
2962	entailment
2963	not_entailment
2964	not_entailment
2965	not_entailment
2966	not_entailment
2967	entailment
2968	not_entailment
2969	entailment
2970	not_entailment
2971	entailment
2972	not_entailment
2973	entailment
2974	entailment
2975	entailment
2976	entailment
2977	not_entailment
2978	not_entailment
2979	entailment
2980	entailment
2981	entailment
2982	entailment
2983	not_entailment
2984	entailment
2985	not_entailment
2986	not_entailment
2987	entailment
2988	not_entailment
2989	not_entailment
2990	entailment
2991	not_entailment
2992	entailment
2993	not_entailment
2994	not_entailment
2995	not_entailment
2996	not_entailment
2997	entailment
2998	entailment
2999	entailment
