index	prediction
0	entailment
1	entailment
2	neutral
3	entailment
4	neutral
5	neutral
6	neutral
7	neutral
8	neutral
9	entailment
10	neutral
11	entailment
12	entailment
13	entailment
14	contradiction
15	neutral
16	neutral
17	entailment
18	neutral
19	neutral
20	contradiction
21	contradiction
22	contradiction
23	contradiction
24	contradiction
25	contradiction
26	entailment
27	neutral
28	neutral
29	neutral
30	entailment
31	entailment
32	entailment
33	neutral
34	entailment
35	entailment
36	contradiction
37	contradiction
38	neutral
39	neutral
40	entailment
41	neutral
42	neutral
43	contradiction
44	neutral
45	entailment
46	neutral
47	contradiction
48	neutral
49	neutral
50	entailment
51	entailment
52	entailment
53	neutral
54	entailment
55	entailment
56	entailment
57	entailment
58	neutral
59	entailment
60	neutral
61	entailment
62	entailment
63	neutral
64	neutral
65	neutral
66	entailment
67	entailment
68	contradiction
69	neutral
70	entailment
71	neutral
72	entailment
73	entailment
74	entailment
75	entailment
76	contradiction
77	contradiction
78	neutral
79	neutral
80	neutral
81	entailment
82	entailment
83	entailment
84	entailment
85	entailment
86	entailment
87	entailment
88	entailment
89	entailment
90	neutral
91	entailment
92	entailment
93	entailment
94	entailment
95	entailment
96	entailment
97	entailment
98	entailment
99	entailment
100	entailment
101	entailment
102	entailment
103	entailment
104	entailment
105	entailment
106	neutral
107	entailment
108	entailment
109	entailment
110	entailment
111	entailment
112	entailment
113	entailment
114	entailment
115	entailment
116	entailment
117	entailment
118	contradiction
119	entailment
120	entailment
121	entailment
122	entailment
123	entailment
124	neutral
125	contradiction
126	neutral
127	entailment
128	neutral
129	entailment
130	entailment
131	contradiction
132	contradiction
133	contradiction
134	entailment
135	entailment
136	entailment
137	entailment
138	entailment
139	entailment
140	entailment
141	entailment
142	entailment
143	entailment
144	neutral
145	neutral
146	neutral
147	neutral
148	contradiction
149	neutral
150	neutral
151	neutral
152	entailment
153	neutral
154	contradiction
155	contradiction
156	entailment
157	entailment
158	entailment
159	neutral
160	entailment
161	entailment
162	entailment
163	entailment
164	entailment
165	neutral
166	entailment
167	entailment
168	entailment
169	entailment
170	contradiction
171	contradiction
172	contradiction
173	contradiction
174	contradiction
175	contradiction
176	contradiction
177	contradiction
178	entailment
179	entailment
180	entailment
181	entailment
182	entailment
183	neutral
184	entailment
185	contradiction
186	neutral
187	contradiction
188	neutral
189	entailment
190	entailment
191	entailment
192	entailment
193	entailment
194	entailment
195	entailment
196	entailment
197	entailment
198	entailment
199	entailment
200	entailment
201	entailment
202	entailment
203	entailment
204	neutral
205	contradiction
206	entailment
207	entailment
208	entailment
209	entailment
210	entailment
211	contradiction
212	entailment
213	entailment
214	neutral
215	entailment
216	neutral
217	entailment
218	entailment
219	entailment
220	entailment
221	entailment
222	neutral
223	entailment
224	entailment
225	entailment
226	entailment
227	entailment
228	entailment
229	entailment
230	entailment
231	entailment
232	entailment
233	entailment
234	entailment
235	entailment
236	entailment
237	entailment
238	entailment
239	entailment
240	entailment
241	entailment
242	entailment
243	entailment
244	entailment
245	entailment
246	entailment
247	entailment
248	entailment
249	neutral
250	neutral
251	neutral
252	neutral
253	neutral
254	entailment
255	neutral
256	contradiction
257	entailment
258	entailment
259	entailment
260	contradiction
261	contradiction
262	entailment
263	entailment
264	entailment
265	entailment
266	entailment
267	entailment
268	entailment
269	contradiction
270	contradiction
271	entailment
272	contradiction
273	neutral
274	contradiction
275	neutral
276	contradiction
277	neutral
278	neutral
279	neutral
280	entailment
281	entailment
282	neutral
283	entailment
284	neutral
285	entailment
286	neutral
287	entailment
288	contradiction
289	entailment
290	entailment
291	entailment
292	neutral
293	neutral
294	neutral
295	neutral
296	contradiction
297	neutral
298	neutral
299	contradiction
300	neutral
301	contradiction
302	entailment
303	entailment
304	entailment
305	entailment
306	entailment
307	neutral
308	neutral
309	neutral
310	entailment
311	entailment
312	entailment
313	entailment
314	entailment
315	contradiction
316	entailment
317	contradiction
318	neutral
319	entailment
320	entailment
321	entailment
322	contradiction
323	contradiction
324	contradiction
325	neutral
326	entailment
327	entailment
328	entailment
329	entailment
330	entailment
331	entailment
332	entailment
333	neutral
334	entailment
335	neutral
336	entailment
337	neutral
338	contradiction
339	neutral
340	entailment
341	neutral
342	contradiction
343	entailment
344	contradiction
345	entailment
346	entailment
347	entailment
348	entailment
349	entailment
350	entailment
351	entailment
352	entailment
353	entailment
354	neutral
355	entailment
356	contradiction
357	contradiction
358	entailment
359	neutral
360	contradiction
361	contradiction
362	entailment
363	neutral
364	contradiction
365	contradiction
366	entailment
367	entailment
368	contradiction
369	contradiction
370	entailment
371	entailment
372	contradiction
373	contradiction
374	entailment
375	contradiction
376	contradiction
377	contradiction
378	contradiction
379	contradiction
380	entailment
381	contradiction
382	contradiction
383	contradiction
384	contradiction
385	entailment
386	contradiction
387	contradiction
388	neutral
389	contradiction
390	contradiction
391	neutral
392	contradiction
393	neutral
394	contradiction
395	neutral
396	contradiction
397	neutral
398	contradiction
399	neutral
400	contradiction
401	contradiction
402	contradiction
403	entailment
404	contradiction
405	contradiction
406	contradiction
407	entailment
408	contradiction
409	contradiction
410	contradiction
411	entailment
412	entailment
413	contradiction
414	contradiction
415	contradiction
416	entailment
417	entailment
418	entailment
419	entailment
420	entailment
421	entailment
422	entailment
423	entailment
424	entailment
425	entailment
426	contradiction
427	neutral
428	contradiction
429	neutral
430	entailment
431	entailment
432	neutral
433	entailment
434	neutral
435	entailment
436	entailment
437	entailment
438	entailment
439	contradiction
440	entailment
441	entailment
442	entailment
443	entailment
444	entailment
445	entailment
446	entailment
447	entailment
448	neutral
449	neutral
450	neutral
451	entailment
452	neutral
453	entailment
454	entailment
455	entailment
456	neutral
457	contradiction
458	entailment
459	entailment
460	contradiction
461	neutral
462	entailment
463	neutral
464	entailment
465	neutral
466	entailment
467	neutral
468	neutral
469	neutral
470	neutral
471	neutral
472	neutral
473	neutral
474	entailment
475	neutral
476	entailment
477	entailment
478	entailment
479	entailment
480	entailment
481	entailment
482	entailment
483	entailment
484	neutral
485	contradiction
486	entailment
487	entailment
488	entailment
489	entailment
490	entailment
491	entailment
492	entailment
493	neutral
494	neutral
495	neutral
496	entailment
497	entailment
498	entailment
499	entailment
500	entailment
501	entailment
502	entailment
503	entailment
504	neutral
505	neutral
506	entailment
507	entailment
508	entailment
509	neutral
510	entailment
511	neutral
512	neutral
513	neutral
514	entailment
515	entailment
516	entailment
517	entailment
518	entailment
519	entailment
520	entailment
521	entailment
522	entailment
523	neutral
524	entailment
525	entailment
526	entailment
527	neutral
528	entailment
529	neutral
530	entailment
531	neutral
532	neutral
533	neutral
534	entailment
535	entailment
536	entailment
537	entailment
538	neutral
539	neutral
540	neutral
541	neutral
542	neutral
543	neutral
544	neutral
545	neutral
546	entailment
547	entailment
548	entailment
549	neutral
550	entailment
551	entailment
552	entailment
553	neutral
554	entailment
555	neutral
556	neutral
557	entailment
558	entailment
559	neutral
560	entailment
561	entailment
562	entailment
563	entailment
564	entailment
565	entailment
566	contradiction
567	contradiction
568	entailment
569	entailment
570	entailment
571	entailment
572	entailment
573	entailment
574	neutral
575	entailment
576	neutral
577	entailment
578	entailment
579	entailment
580	entailment
581	neutral
582	entailment
583	neutral
584	entailment
585	entailment
586	entailment
587	neutral
588	neutral
589	entailment
590	entailment
591	neutral
592	neutral
593	neutral
594	neutral
595	entailment
596	neutral
597	neutral
598	entailment
599	entailment
600	contradiction
601	contradiction
602	neutral
603	entailment
604	neutral
605	neutral
606	contradiction
607	neutral
608	entailment
609	neutral
610	entailment
611	neutral
612	contradiction
613	neutral
614	entailment
615	neutral
616	contradiction
617	neutral
618	entailment
619	neutral
620	contradiction
621	neutral
622	contradiction
623	neutral
624	neutral
625	entailment
626	neutral
627	entailment
628	contradiction
629	contradiction
630	entailment
631	entailment
632	entailment
633	entailment
634	entailment
635	entailment
636	entailment
637	entailment
638	entailment
639	entailment
640	entailment
641	contradiction
642	neutral
643	contradiction
644	entailment
645	contradiction
646	neutral
647	contradiction
648	entailment
649	entailment
650	entailment
651	entailment
652	entailment
653	entailment
654	contradiction
655	contradiction
656	contradiction
657	contradiction
658	entailment
659	entailment
660	entailment
661	entailment
662	entailment
663	entailment
664	entailment
665	neutral
666	contradiction
667	neutral
668	neutral
669	entailment
670	contradiction
671	entailment
672	entailment
673	entailment
674	entailment
675	entailment
676	entailment
677	entailment
678	contradiction
679	contradiction
680	neutral
681	entailment
682	entailment
683	neutral
684	entailment
685	neutral
686	contradiction
687	neutral
688	entailment
689	neutral
690	entailment
691	neutral
692	contradiction
693	neutral
694	neutral
695	entailment
696	neutral
697	entailment
698	contradiction
699	neutral
700	neutral
701	entailment
702	entailment
703	neutral
704	entailment
705	neutral
706	neutral
707	entailment
708	contradiction
709	contradiction
710	entailment
711	neutral
712	contradiction
713	neutral
714	entailment
715	entailment
716	entailment
717	neutral
718	entailment
719	entailment
720	entailment
721	entailment
722	contradiction
723	neutral
724	neutral
725	neutral
726	neutral
727	neutral
728	entailment
729	entailment
730	entailment
731	entailment
732	entailment
733	entailment
734	entailment
735	entailment
736	entailment
737	entailment
738	entailment
739	entailment
740	entailment
741	entailment
742	entailment
743	entailment
744	contradiction
745	neutral
746	neutral
747	neutral
748	neutral
749	neutral
750	neutral
751	neutral
752	entailment
753	neutral
754	entailment
755	neutral
756	entailment
757	entailment
758	entailment
759	entailment
760	contradiction
761	entailment
762	contradiction
763	contradiction
764	contradiction
765	contradiction
766	contradiction
767	neutral
768	neutral
769	neutral
770	neutral
771	entailment
772	neutral
773	neutral
774	entailment
775	entailment
776	entailment
777	neutral
778	entailment
779	entailment
780	entailment
781	entailment
782	entailment
783	entailment
784	contradiction
785	contradiction
786	entailment
787	entailment
788	contradiction
789	neutral
790	neutral
791	neutral
792	entailment
793	entailment
794	entailment
795	contradiction
796	entailment
797	neutral
798	entailment
799	entailment
800	entailment
801	entailment
802	neutral
803	neutral
804	entailment
805	entailment
806	neutral
807	entailment
808	entailment
809	entailment
810	entailment
811	entailment
812	contradiction
813	entailment
814	entailment
815	neutral
816	entailment
817	entailment
818	entailment
819	entailment
820	entailment
821	entailment
822	entailment
823	entailment
824	entailment
825	entailment
826	contradiction
827	contradiction
828	entailment
829	entailment
830	entailment
831	entailment
832	neutral
833	neutral
834	entailment
835	entailment
836	neutral
837	entailment
838	neutral
839	neutral
840	entailment
841	entailment
842	entailment
843	entailment
844	entailment
845	entailment
846	entailment
847	neutral
848	entailment
849	neutral
850	neutral
851	entailment
852	entailment
853	entailment
854	entailment
855	entailment
856	contradiction
857	contradiction
858	contradiction
859	entailment
860	contradiction
861	entailment
862	contradiction
863	entailment
864	neutral
865	entailment
866	entailment
867	entailment
868	entailment
869	entailment
870	entailment
871	entailment
872	entailment
873	entailment
874	entailment
875	entailment
876	contradiction
877	entailment
878	contradiction
879	entailment
880	entailment
881	entailment
882	neutral
883	entailment
884	entailment
885	entailment
886	entailment
887	entailment
888	entailment
889	entailment
890	contradiction
891	entailment
892	entailment
893	entailment
894	entailment
895	entailment
896	entailment
897	entailment
898	entailment
899	neutral
900	entailment
901	neutral
902	entailment
903	entailment
904	contradiction
905	entailment
906	entailment
907	entailment
908	entailment
909	entailment
910	contradiction
911	neutral
912	entailment
913	neutral
914	entailment
915	entailment
916	entailment
917	entailment
918	entailment
919	entailment
920	entailment
921	entailment
922	entailment
923	entailment
924	entailment
925	neutral
926	entailment
927	neutral
928	entailment
929	neutral
930	entailment
931	neutral
932	entailment
933	neutral
934	entailment
935	entailment
936	contradiction
937	neutral
938	entailment
939	entailment
940	entailment
941	entailment
942	entailment
943	entailment
944	contradiction
945	entailment
946	entailment
947	entailment
948	entailment
949	entailment
950	entailment
951	entailment
952	entailment
953	contradiction
954	contradiction
955	contradiction
956	contradiction
957	contradiction
958	entailment
959	entailment
960	contradiction
961	contradiction
962	entailment
963	entailment
964	contradiction
965	contradiction
966	entailment
967	entailment
968	entailment
969	neutral
970	entailment
971	neutral
972	contradiction
973	neutral
974	contradiction
975	neutral
976	entailment
977	neutral
978	entailment
979	entailment
980	contradiction
981	neutral
982	contradiction
983	neutral
984	neutral
985	neutral
986	neutral
987	neutral
988	neutral
989	entailment
990	entailment
991	neutral
992	contradiction
993	contradiction
994	entailment
995	contradiction
996	entailment
997	entailment
998	contradiction
999	contradiction
1000	entailment
1001	entailment
1002	entailment
1003	neutral
1004	entailment
1005	neutral
1006	neutral
1007	neutral
1008	entailment
1009	entailment
1010	contradiction
1011	contradiction
1012	entailment
1013	entailment
1014	contradiction
1015	contradiction
1016	entailment
1017	entailment
1018	neutral
1019	neutral
1020	neutral
1021	neutral
1022	neutral
1023	neutral
1024	entailment
1025	neutral
1026	entailment
1027	neutral
1028	neutral
1029	entailment
1030	neutral
1031	entailment
1032	neutral
1033	contradiction
1034	contradiction
1035	entailment
1036	contradiction
1037	contradiction
1038	contradiction
1039	contradiction
1040	contradiction
1041	contradiction
1042	contradiction
1043	contradiction
1044	entailment
1045	entailment
1046	entailment
1047	entailment
1048	contradiction
1049	entailment
1050	entailment
1051	entailment
1052	entailment
1053	entailment
1054	neutral
1055	neutral
1056	entailment
1057	entailment
1058	entailment
1059	entailment
1060	neutral
1061	entailment
1062	entailment
1063	entailment
1064	contradiction
1065	contradiction
1066	contradiction
1067	contradiction
1068	entailment
1069	entailment
1070	entailment
1071	entailment
1072	entailment
1073	entailment
1074	entailment
1075	neutral
1076	entailment
1077	entailment
1078	entailment
1079	neutral
1080	entailment
1081	entailment
1082	entailment
1083	entailment
1084	entailment
1085	entailment
1086	contradiction
1087	neutral
1088	entailment
1089	entailment
1090	contradiction
1091	neutral
1092	neutral
1093	contradiction
1094	neutral
1095	contradiction
1096	neutral
1097	contradiction
1098	neutral
1099	entailment
1100	contradiction
1101	contradiction
1102	entailment
1103	entailment
